name,category,selected_migration,selected_value,old_value,migration_final_value,current_log41_value,old_vs_current,migration_final_vs_current,selected_vs_current
ACRO_BAL_PITCH,other,False,,1.0,1.0,1.0,same,same,not_selected
ACRO_BAL_ROLL,other,False,,1.0,1.0,1.0,same,same,not_selected
ACRO_OPTIONS,other,False,,0.0,0.0,0.0,same,same,not_selected
ACRO_RP_EXPO,other,False,,0.300000012,0.300000012,0.30000001192092896,same,same,not_selected
ACRO_RP_RATE,other,False,,360.0,360.0,360.0,same,same,not_selected
ACRO_RP_RATE_TC,other,False,,0.0,0.0,0.0,same,same,not_selected
ACRO_THR_MID,other,False,,0.0,0.0,0.0,same,same,not_selected
ACRO_TRAINER,other,False,,2.0,2.0,2.0,same,same,not_selected
ACRO_Y_EXPO,other,False,,0.0,0.0,0.0,same,same,not_selected
ACRO_Y_RATE,other,False,,202.5,202.5,202.5,same,same,not_selected
ACRO_Y_RATE_TC,other,False,,0.0,0.0,0.0,same,same,not_selected
ADSB_TYPE,other,False,,0.0,0.0,0.0,same,same,not_selected
AHRS_COMP_BETA,navigation_sensor,False,,0.100000001,0.100000001,0.10000000149011612,same,same,not_selected
AHRS_EKF_TYPE,navigation_sensor,True,3.0,3.0,3.0,3.0,same,same,same
AHRS_GPS_GAIN,navigation_sensor,False,,1.0,1.0,1.0,same,same,not_selected
AHRS_GPS_MINSATS,navigation_sensor,False,,6.0,6.0,6.0,same,same,not_selected
AHRS_GPS_USE,navigation_sensor,False,,1.0,1.0,1.0,same,same,not_selected
AHRS_OPTIONS,navigation_sensor,True,24.0,24.0,24.0,24.0,same,same,same
AHRS_ORIENTATION,navigation_sensor,False,,0.0,0.0,0.0,same,same,not_selected
AHRS_ORIGIN_ALT,navigation_sensor,True,0.0,0.0,0.0,0.0,same,same,same
AHRS_ORIGIN_LAT,navigation_sensor,True,22.135278701782227,22.1352787,22.1352787,22.135278701782227,same,same,same
AHRS_ORIGIN_LON,navigation_sensor,True,113.54499816894531,113.544998,113.544998,113.54499816894531,same,same,same
AHRS_RP_P,navigation_sensor,False,,0.100000001,0.200000003,0.20000000298023224,different,same,not_selected
AHRS_TRIM_X,hardware_specific,False,,0.00173882407,0.0,-0.004157308954745531,different,different,not_selected
AHRS_TRIM_Y,hardware_specific,False,,-0.0141977472,0.0,-0.012634593062102795,different,different,not_selected
AHRS_TRIM_Z,hardware_specific,False,,0.0,0.0,0.0,same,same,not_selected
AHRS_WIND_MAX,navigation_sensor,False,,0.0,0.0,0.0,same,same,not_selected
AHRS_YAW_P,navigation_sensor,False,,0.100000001,0.200000003,0.20000000298023224,different,same,not_selected
ARMING_ACCTHRESH,safety,False,,0.75,0.75,0.75,same,same,not_selected
ARMING_CRSDP_IGN,safety,False,,0.0,0.0,0.0,same,same,not_selected
ARMING_MAGTHRESH,safety,False,,100.0,100.0,100.0,same,same,not_selected
ARMING_MIS_ITEMS,safety,False,,0.0,0.0,0.0,same,same,not_selected
ARMING_NEED_LOC,safety,False,,0.0,0.0,0.0,same,same,not_selected
ARMING_OPTIONS,safety,False,,0.0,0.0,0.0,same,same,not_selected
ARMING_RUDDER,safety,False,,2.0,2.0,2.0,same,same,not_selected
ARMING_SKIPCHK,safety,False,,0.0,0.0,0.0,same,same,not_selected
ARSPD_ENABLE,other,False,,0.0,0.0,0.0,same,same,not_selected
ATC_ACC_P_MAX,hardware_specific,False,,1100.0,1100.0,1100.0,same,same,not_selected
ATC_ACC_R_MAX,hardware_specific,False,,1100.0,1100.0,1100.0,same,same,not_selected
ATC_ACC_Y_MAX,hardware_specific,False,,270.0,270.0,270.0,same,same,not_selected
ATC_ANGLE_BOOST,hardware_specific,False,,1.0,1.0,1.0,same,same,not_selected
ATC_ANGLE_MAX,hardware_specific,False,,30.0,30.0,30.0,same,same,not_selected
ATC_ANG_LIM_TC,hardware_specific,False,,1.0,1.0,1.0,same,same,not_selected
ATC_ANG_PIT_P,hardware_specific,False,,4.5,4.5,4.5,same,same,not_selected
ATC_ANG_RLL_P,hardware_specific,False,,4.5,4.5,4.5,same,same,not_selected
ATC_ANG_YAW_P,hardware_specific,False,,4.5,4.5,4.5,same,same,not_selected
ATC_INPUT_TC,hardware_specific,False,,0.100000001,0.100000001,0.10000000149011612,same,same,not_selected
ATC_LAND_P_MULT,hardware_specific,False,,1.0,1.0,1.0,same,same,not_selected
ATC_LAND_R_MULT,hardware_specific,False,,1.0,1.0,1.0,same,same,not_selected
ATC_LAND_Y_MULT,hardware_specific,False,,1.0,1.0,1.0,same,same,not_selected
ATC_RATE_FF_ENAB,hardware_specific,False,,1.0,1.0,1.0,same,same,not_selected
ATC_RATE_P_MAX,hardware_specific,False,,0.0,0.0,0.0,same,same,not_selected
ATC_RATE_R_MAX,hardware_specific,False,,0.0,0.0,0.0,same,same,not_selected
ATC_RATE_WPY_MAX,hardware_specific,False,,60.0,60.0,60.0,same,same,not_selected
ATC_RATE_Y_MAX,hardware_specific,False,,0.0,0.0,0.0,same,same,not_selected
ATC_RAT_PIT_D,hardware_specific,False,,0.00359999994,0.00359999994,0.003599999938160181,same,same,not_selected
ATC_RAT_PIT_D_FF,hardware_specific,False,,0.0,0.0,0.0,same,same,not_selected
ATC_RAT_PIT_FF,hardware_specific,False,,0.0,0.0,0.0,same,same,not_selected
ATC_RAT_PIT_FLTD,hardware_specific,False,,20.0,20.0,20.0,same,same,not_selected
ATC_RAT_PIT_FLTE,hardware_specific,False,,0.0,0.0,0.0,same,same,not_selected
ATC_RAT_PIT_FLTT,hardware_specific,False,,20.0,20.0,20.0,same,same,not_selected
ATC_RAT_PIT_I,hardware_specific,False,,0.135000005,0.135000005,0.13500000536441803,same,same,not_selected
ATC_RAT_PIT_IMAX,hardware_specific,False,,0.5,0.5,0.5,same,same,not_selected
ATC_RAT_PIT_NEF,hardware_specific,False,,0.0,0.0,0.0,same,same,not_selected
ATC_RAT_PIT_NTF,hardware_specific,False,,0.0,0.0,0.0,same,same,not_selected
ATC_RAT_PIT_P,hardware_specific,False,,0.135000005,0.135000005,0.13500000536441803,same,same,not_selected
ATC_RAT_PIT_PDMX,hardware_specific,False,,0.0,0.0,0.0,same,same,not_selected
ATC_RAT_PIT_SMAX,hardware_specific,False,,0.0,0.0,0.0,same,same,not_selected
ATC_RAT_RLL_D,hardware_specific,False,,0.00359999994,0.00359999994,0.003599999938160181,same,same,not_selected
ATC_RAT_RLL_D_FF,hardware_specific,False,,0.0,0.0,0.0,same,same,not_selected
ATC_RAT_RLL_FF,hardware_specific,False,,0.0,0.0,0.0,same,same,not_selected
ATC_RAT_RLL_FLTD,hardware_specific,False,,20.0,20.0,20.0,same,same,not_selected
ATC_RAT_RLL_FLTE,hardware_specific,False,,0.0,0.0,0.0,same,same,not_selected
ATC_RAT_RLL_FLTT,hardware_specific,False,,20.0,20.0,20.0,same,same,not_selected
ATC_RAT_RLL_I,hardware_specific,False,,0.135000005,0.135000005,0.13500000536441803,same,same,not_selected
ATC_RAT_RLL_IMAX,hardware_specific,False,,0.5,0.5,0.5,same,same,not_selected
ATC_RAT_RLL_NEF,hardware_specific,False,,0.0,0.0,0.0,same,same,not_selected
ATC_RAT_RLL_NTF,hardware_specific,False,,0.0,0.0,0.0,same,same,not_selected
ATC_RAT_RLL_P,hardware_specific,False,,0.135000005,0.135000005,0.13500000536441803,same,same,not_selected
ATC_RAT_RLL_PDMX,hardware_specific,False,,0.0,0.0,0.0,same,same,not_selected
ATC_RAT_RLL_SMAX,hardware_specific,False,,0.0,0.0,0.0,same,same,not_selected
ATC_RAT_YAW_D,hardware_specific,False,,0.0,0.0,0.0,same,same,not_selected
ATC_RAT_YAW_D_FF,hardware_specific,False,,0.0,0.0,0.0,same,same,not_selected
ATC_RAT_YAW_FF,hardware_specific,False,,0.0,0.0,0.0,same,same,not_selected
ATC_RAT_YAW_FLTD,hardware_specific,False,,20.0,20.0,20.0,same,same,not_selected
ATC_RAT_YAW_FLTE,hardware_specific,False,,2.5,2.5,2.5,same,same,not_selected
ATC_RAT_YAW_FLTT,hardware_specific,False,,20.0,20.0,20.0,same,same,not_selected
ATC_RAT_YAW_I,hardware_specific,False,,0.0179999992,0.0179999992,0.017999999225139618,same,same,not_selected
ATC_RAT_YAW_IMAX,hardware_specific,False,,0.5,0.5,0.5,same,same,not_selected
ATC_RAT_YAW_NEF,hardware_specific,False,,0.0,0.0,0.0,same,same,not_selected
ATC_RAT_YAW_NTF,hardware_specific,False,,0.0,0.0,0.0,same,same,not_selected
ATC_RAT_YAW_P,hardware_specific,False,,0.180000007,0.180000007,0.18000000715255737,same,same,not_selected
ATC_RAT_YAW_PDMX,hardware_specific,False,,0.0,0.0,0.0,same,same,not_selected
ATC_RAT_YAW_SMAX,hardware_specific,False,,0.0,0.0,0.0,same,same,not_selected
ATC_THR_G_BOOST,hardware_specific,False,,0.0,0.0,0.0,same,same,not_selected
ATC_THR_MIX_MAN,hardware_specific,False,,0.100000001,0.100000001,0.10000000149011612,same,same,not_selected
ATC_THR_MIX_MAX,hardware_specific,False,,0.5,0.5,0.5,same,same,not_selected
ATC_THR_MIX_MIN,hardware_specific,False,,0.100000001,0.100000001,0.10000000149011612,same,same,not_selected
AUTOTUNE_AGGR,other,False,,0.075000003,0.075000003,0.07500000298023224,same,same,not_selected
AUTOTUNE_AXES,other,False,,7.0,7.0,7.0,same,same,not_selected
AUTOTUNE_GMBK,other,False,,0.25,0.25,0.25,same,same,not_selected
AUTOTUNE_MIN_D,other,False,,0.000500000024,0.000500000024,0.0005000000237487257,same,same,not_selected
AUTO_OPTIONS,other,False,,0.0,0.0,0.0,same,same,not_selected
AVD_ENABLE,other,False,,0.0,0.0,0.0,same,same,not_selected
AVOID_ACCEL_MAX,other,False,,3.0,3.0,3.0,same,same,not_selected
AVOID_ALT_MIN,other,False,,0.0,0.0,0.0,same,same,not_selected
AVOID_BACKUP_DZ,other,False,,0.100000001,0.100000001,0.10000000149011612,same,same,not_selected
AVOID_BACKUP_SPD,other,False,,0.75,0.75,0.75,same,same,not_selected
AVOID_BACKZ_SPD,other,False,,0.75,0.75,0.75,same,same,not_selected
AVOID_BEHAVE,other,False,,0.0,0.0,0.0,same,same,not_selected
AVOID_DIST_MAX,other,False,,5.0,5.0,5.0,same,same,not_selected
AVOID_ENABLE,other,False,,3.0,3.0,3.0,same,same,not_selected
AVOID_MARGIN,other,False,,2.0,2.0,2.0,same,same,not_selected
BARO1_DEVID,hardware_specific,False,,721674.0,721674.0,721674.0,same,same,not_selected
BARO1_GND_PRESS,hardware_specific,False,,99985.9688,100072.516,99929.9921875,different,different,not_selected
BARO1_WCF_ENABLE,hardware_specific,False,,0.0,0.0,0.0,same,same,not_selected
BARO2_DEVID,hardware_specific,False,,0.0,0.0,0.0,same,same,not_selected
BARO2_GND_PRESS,hardware_specific,False,,0.0,0.0,0.0,same,same,not_selected
BARO2_WCF_ENABLE,hardware_specific,False,,0.0,0.0,0.0,same,same,not_selected
BARO3_DEVID,hardware_specific,False,,0.0,0.0,0.0,same,same,not_selected
BARO3_GND_PRESS,hardware_specific,False,,0.0,0.0,0.0,same,same,not_selected
BARO3_WCF_ENABLE,hardware_specific,False,,0.0,0.0,0.0,same,same,not_selected
BARO_ALTERR_MAX,hardware_specific,False,,2000.0,2000.0,2000.0,same,same,not_selected
BARO_ALT_OFFSET,hardware_specific,False,,0.0,0.0,0.0,same,same,not_selected
BARO_EXT_BUS,hardware_specific,False,,-1.0,-1.0,-1.0,same,same,not_selected
BARO_FIELD_ELV,hardware_specific,False,,0.0,0.0,0.0,same,same,not_selected
BARO_FLTR_RNG,hardware_specific,False,,0.0,0.0,0.0,same,same,not_selected
BARO_GND_TEMP,hardware_specific,False,,0.0,0.0,0.0,same,same,not_selected
BARO_OPTIONS,hardware_specific,False,,0.0,0.0,0.0,same,same,not_selected
BARO_PRIMARY,hardware_specific,False,,0.0,0.0,0.0,same,same,not_selected
BARO_PROBE_EXT,hardware_specific,False,,0.0,0.0,0.0,same,same,not_selected
BATT2_MONITOR,other,False,,0.0,0.0,0.0,same,same,not_selected
BATT3_MONITOR,other,False,,0.0,0.0,0.0,same,same,not_selected
BATT4_MONITOR,other,False,,0.0,0.0,0.0,same,same,not_selected
BATT5_MONITOR,other,False,,0.0,0.0,0.0,same,same,not_selected
BATT6_MONITOR,other,False,,0.0,0.0,0.0,same,same,not_selected
BATT7_MONITOR,other,False,,0.0,0.0,0.0,same,same,not_selected
BATT8_MONITOR,other,False,,0.0,0.0,0.0,same,same,not_selected
BATT9_MONITOR,other,False,,0.0,0.0,0.0,same,same,not_selected
BATT_MONITOR,hardware_specific,False,,0.0,0.0,0.0,same,same,not_selected
BRD_BOOT_DELAY,other,False,,0.0,0.0,0.0,same,same,not_selected
BRD_HEAT_I,other,False,,0.300000012,0.300000012,0.30000001192092896,same,same,not_selected
BRD_HEAT_IMAX,other,False,,70.0,70.0,70.0,same,same,not_selected
BRD_HEAT_LOWMGN,other,False,,0.0,0.0,0.0,same,same,not_selected
BRD_HEAT_P,other,False,,200.0,200.0,200.0,same,same,not_selected
BRD_HEAT_TARG,other,False,,-1.0,-1.0,-1.0,same,same,not_selected
BRD_IDLE_STATS,other,False,,0.0,0.0,0.0,same,same,not_selected
BRD_IO_DSHOT,other,False,,,0.0,0.0,different,same,not_selected
BRD_IO_ENABLE,other,False,,1.0,1.0,1.0,same,same,not_selected
BRD_OPTIONS,other,False,,1.0,1.0,1.0,same,same,not_selected
BRD_RTC_TYPES,other,False,,1.0,1.0,1.0,same,same,not_selected
BRD_RTC_TZ_MIN,other,False,,0.0,0.0,0.0,same,same,not_selected
BRD_SAFETYOPTION,safety,False,,3.0,3.0,3.0,same,same,not_selected
BRD_SAFETY_DEFLT,safety,False,,1.0,1.0,1.0,same,same,not_selected
BRD_SAFETY_MASK,safety,False,,16368.0,16368.0,16368.0,same,same,not_selected
BRD_SBUS_OUT,other,False,,0.0,0.0,0.0,same,same,not_selected
BRD_SD_SLOWDOWN,other,False,,0.0,4.0,0.0,same,different,not_selected
BRD_SER1_RTSCTS,other,False,,2.0,2.0,2.0,same,same,not_selected
BRD_SER2_RTSCTS,other,False,,2.0,2.0,2.0,same,same,not_selected
BRD_SERIAL_NUM,other,False,,0.0,0.0,0.0,same,same,not_selected
BRD_TYPE,other,False,,2.0,2.0,2.0,same,same,not_selected
BRD_VBUS_MIN,other,False,,4.30000019,4.30000019,4.300000190734863,same,same,not_selected
BRD_VSERVO_MIN,other,False,,0.0,0.0,0.0,same,same,not_selected
BTN_ENABLE,other,False,,0.0,0.0,0.0,same,same,not_selected
CAM1_TYPE,other,False,,0.0,0.0,0.0,same,same,not_selected
CAM2_TYPE,other,False,,0.0,0.0,0.0,same,same,not_selected
CAM_AUTO_ONLY,other,False,,0.0,0.0,0.0,same,same,not_selected
CAM_MAX_ROLL,other,False,,0.0,0.0,0.0,same,same,not_selected
CAN_D1_PROTOCOL,other,False,,1.0,1.0,1.0,same,same,not_selected
CAN_D1_PROTOCOL2,other,False,,0.0,0.0,0.0,same,same,not_selected
CAN_D2_PROTOCOL,other,False,,1.0,1.0,1.0,same,same,not_selected
CAN_D2_PROTOCOL2,other,False,,0.0,0.0,0.0,same,same,not_selected
CAN_LOGLEVEL,other,False,,0.0,0.0,0.0,same,same,not_selected
CAN_P1_DRIVER,other,False,,0.0,0.0,0.0,same,same,not_selected
CAN_P2_DRIVER,other,False,,0.0,0.0,0.0,same,same,not_selected
CAN_SLCAN_CPORT,other,False,,0.0,0.0,0.0,same,same,not_selected
CAN_SLCAN_SDELAY,other,False,,1.0,1.0,1.0,same,same,not_selected
CAN_SLCAN_SERNUM,other,False,,-1.0,-1.0,-1.0,same,same,not_selected
CAN_SLCAN_TIMOUT,other,False,,0.0,0.0,0.0,same,same,not_selected
CHUTE_ENABLED,other,False,,0.0,0.0,0.0,same,same,not_selected
CIRCLE_OPTIONS,other,False,,1.0,1.0,1.0,same,same,not_selected
CIRCLE_RADIUS_M,other,False,,10.0,10.0,10.0,same,same,not_selected
CIRCLE_RATE,other,False,,20.0,20.0,20.0,same,same,not_selected
COMPASS_AUTODEC,hardware_specific,False,,1.0,1.0,1.0,same,same,not_selected
COMPASS_AUTO_ROT,hardware_specific,False,,2.0,2.0,2.0,same,same,not_selected
COMPASS_CAL_FIT,hardware_specific,False,,16.0,16.0,32.0,different,different,not_selected
COMPASS_DEC,hardware_specific,False,,-0.0547775589,-0.0547775589,-0.05477755889296532,same,same,not_selected
COMPASS_DEV_ID,hardware_specific,False,,131594.0,466441.0,466441.0,different,same,not_selected
COMPASS_DEV_ID2,hardware_specific,False,,466441.0,131594.0,131594.0,different,same,not_selected
COMPASS_DEV_ID3,hardware_specific,False,,0.0,0.0,0.0,same,same,not_selected
COMPASS_DEV_ID4,hardware_specific,False,,0.0,0.0,0.0,same,same,not_selected
COMPASS_DEV_ID5,hardware_specific,False,,0.0,0.0,0.0,same,same,not_selected
COMPASS_DEV_ID6,hardware_specific,False,,0.0,0.0,0.0,same,same,not_selected
COMPASS_DEV_ID7,hardware_specific,False,,0.0,0.0,0.0,same,same,not_selected
COMPASS_DEV_ID8,hardware_specific,False,,0.0,0.0,0.0,same,same,not_selected
COMPASS_DIA2_X,hardware_specific,False,,0.605103374,1.0,0.46248719096183777,different,different,not_selected
COMPASS_DIA2_Y,hardware_specific,False,,0.551616609,1.0,0.7439460158348083,different,different,not_selected
COMPASS_DIA2_Z,hardware_specific,False,,0.791727662,1.0,0.5407243967056274,different,different,not_selected
COMPASS_DIA3_X,hardware_specific,False,,1.0,1.0,1.0,same,same,not_selected
COMPASS_DIA3_Y,hardware_specific,False,,1.0,1.0,1.0,same,same,not_selected
COMPASS_DIA3_Z,hardware_specific,False,,1.0,1.0,1.0,same,same,not_selected
COMPASS_DIA_X,hardware_specific,False,,0.87794733,1.0,1.0,different,same,not_selected
COMPASS_DIA_Y,hardware_specific,False,,0.906932771,1.0,1.0,different,same,not_selected
COMPASS_DIA_Z,hardware_specific,False,,0.934910417,1.0,1.0,different,same,not_selected
COMPASS_DISBLMSK,hardware_specific,False,,0.0,0.0,0.0,same,same,not_selected
COMPASS_ENABLE,hardware_specific,False,,1.0,1.0,1.0,same,same,not_selected
COMPASS_EXTERN2,hardware_specific,False,,1.0,0.0,0.0,different,same,not_selected
COMPASS_EXTERN3,hardware_specific,False,,0.0,0.0,0.0,same,same,not_selected
COMPASS_EXTERNAL,hardware_specific,False,,0.0,1.0,1.0,different,same,not_selected
COMPASS_FLTR_RNG,hardware_specific,False,,0.0,0.0,0.0,same,same,not_selected
COMPASS_LEARN,hardware_specific,False,,0.0,0.0,1.0,different,different,not_selected
COMPASS_MOT2_X,hardware_specific,False,,0.0,0.0,0.0,same,same,not_selected
COMPASS_MOT2_Y,hardware_specific,False,,0.0,0.0,0.0,same,same,not_selected
COMPASS_MOT2_Z,hardware_specific,False,,0.0,0.0,0.0,same,same,not_selected
COMPASS_MOT3_X,hardware_specific,False,,0.0,0.0,0.0,same,same,not_selected
COMPASS_MOT3_Y,hardware_specific,False,,0.0,0.0,0.0,same,same,not_selected
COMPASS_MOT3_Z,hardware_specific,False,,0.0,0.0,0.0,same,same,not_selected
COMPASS_MOTCT,hardware_specific,False,,0.0,0.0,0.0,same,same,not_selected
COMPASS_MOT_X,hardware_specific,False,,0.0,0.0,0.0,same,same,not_selected
COMPASS_MOT_Y,hardware_specific,False,,0.0,0.0,0.0,same,same,not_selected
COMPASS_MOT_Z,hardware_specific,False,,0.0,0.0,0.0,same,same,not_selected
COMPASS_ODI2_X,hardware_specific,False,,0.214484707,0.0,0.01699390634894371,different,different,not_selected
COMPASS_ODI2_Y,hardware_specific,False,,0.00361714279,0.0,0.17005154490470886,different,different,not_selected
COMPASS_ODI2_Z,hardware_specific,False,,-0.0300314203,0.0,-0.029225066304206848,different,different,not_selected
COMPASS_ODI3_X,hardware_specific,False,,0.0,0.0,0.0,same,same,not_selected
COMPASS_ODI3_Y,hardware_specific,False,,0.0,0.0,0.0,same,same,not_selected
COMPASS_ODI3_Z,hardware_specific,False,,0.0,0.0,0.0,same,same,not_selected
COMPASS_ODI_X,hardware_specific,False,,-0.12915884,0.0,0.0,different,same,not_selected
COMPASS_ODI_Y,hardware_specific,False,,0.0366672464,0.0,0.0,different,same,not_selected
COMPASS_ODI_Z,hardware_specific,False,,0.0724984035,0.0,0.0,different,same,not_selected
COMPASS_OFFS_MAX,hardware_specific,False,,1800.0,1800.0,1800.0,same,same,not_selected
COMPASS_OFS2_X,hardware_specific,False,,-377.037872,0.0,-558.4947509765625,different,different,not_selected
COMPASS_OFS2_Y,hardware_specific,False,,228.269119,0.0,164.48379516601562,different,different,not_selected
COMPASS_OFS2_Z,hardware_specific,False,,-56.9998512,0.0,145.38650512695312,different,different,not_selected
COMPASS_OFS3_X,hardware_specific,False,,0.0,0.0,0.0,same,same,not_selected
COMPASS_OFS3_Y,hardware_specific,False,,0.0,0.0,0.0,same,same,not_selected
COMPASS_OFS3_Z,hardware_specific,False,,0.0,0.0,0.0,same,same,not_selected
COMPASS_OFS_X,hardware_specific,False,,-238.221893,0.0,-51.530513763427734,different,different,not_selected
COMPASS_OFS_Y,hardware_specific,False,,-330.865173,0.0,-79.81476593017578,different,different,not_selected
COMPASS_OFS_Z,hardware_specific,False,,-326.233734,0.0,-8.7655668258667,different,different,not_selected
COMPASS_OPTIONS,hardware_specific,False,,0.0,0.0,0.0,same,same,not_selected
COMPASS_ORIENT,hardware_specific,False,,0.0,0.0,0.0,same,same,not_selected
COMPASS_ORIENT2,hardware_specific,False,,0.0,0.0,0.0,same,same,not_selected
COMPASS_ORIENT3,hardware_specific,False,,0.0,0.0,0.0,same,same,not_selected
COMPASS_PMOT_EN,hardware_specific,False,,0.0,0.0,0.0,same,same,not_selected
COMPASS_PRIO1_ID,hardware_specific,False,,131594.0,466441.0,466441.0,different,same,not_selected
COMPASS_PRIO2_ID,hardware_specific,False,,466441.0,131594.0,131594.0,different,same,not_selected
COMPASS_PRIO3_ID,hardware_specific,False,,0.0,0.0,0.0,same,same,not_selected
COMPASS_SCALE,hardware_specific,False,,0.0,0.0,1.1950825452804565,different,different,not_selected
COMPASS_SCALE2,hardware_specific,False,,0.0,0.0,1.4246835708618164,different,different,not_selected
COMPASS_SCALE3,hardware_specific,False,,0.0,0.0,0.0,same,same,not_selected
COMPASS_USE,hardware_specific,False,,1.0,1.0,1.0,same,same,not_selected
COMPASS_USE2,hardware_specific,False,,1.0,1.0,0.0,different,different,not_selected
COMPASS_USE3,hardware_specific,False,,1.0,1.0,0.0,different,different,not_selected
CUST_ROT_ENABLE,other,False,,0.0,0.0,0.0,same,same,not_selected
DEV_OPTIONS,other,False,,0.0,0.0,0.0,same,same,not_selected
DISARM_DELAY,landing,True,5.0,5.0,5.0,5.0,same,same,same
EFI_TYPE,other,False,,0.0,0.0,0.0,same,same,not_selected
EK3_ABIAS_P_NSE,navigation_sensor,False,,0.0199999996,0.0199999996,0.019999999552965164,same,same,not_selected
EK3_ACC_BIAS_LIM,navigation_sensor,False,,1.0,1.0,1.0,same,same,not_selected
EK3_ACC_P_NSE,navigation_sensor,False,,0.349999994,0.349999994,0.3499999940395355,same,same,not_selected
EK3_AFFINITY,navigation_sensor,False,,0.0,0.0,0.0,same,same,not_selected
EK3_ALT_M_NSE,navigation_sensor,False,,2.0,2.0,2.0,same,same,not_selected
EK3_BCN_DELAY,navigation_sensor,False,,50.0,50.0,50.0,same,same,not_selected
EK3_BCN_I_GTE,navigation_sensor,False,,500.0,500.0,500.0,same,same,not_selected
EK3_BCN_M_NSE,navigation_sensor,False,,1.0,1.0,1.0,same,same,not_selected
EK3_BETA_MASK,navigation_sensor,False,,0.0,0.0,0.0,same,same,not_selected
EK3_CHECK_SCALE,navigation_sensor,False,,100.0,100.0,100.0,same,same,not_selected
EK3_DRAG_BCOEF_X,navigation_sensor,False,,0.0,0.0,0.0,same,same,not_selected
EK3_DRAG_BCOEF_Y,navigation_sensor,False,,0.0,0.0,0.0,same,same,not_selected
EK3_DRAG_MCOEF,navigation_sensor,False,,0.0,0.0,0.0,same,same,not_selected
EK3_DRAG_M_NSE,navigation_sensor,False,,0.5,0.5,0.5,same,same,not_selected
EK3_EAS_I_GATE,navigation_sensor,False,,400.0,400.0,400.0,same,same,not_selected
EK3_EAS_M_NSE,navigation_sensor,False,,1.39999998,1.39999998,1.399999976158142,same,same,not_selected
EK3_ENABLE,navigation_sensor,True,1.0,1.0,1.0,1.0,same,same,same
EK3_ERR_THRESH,navigation_sensor,False,,0.200000003,0.200000003,0.20000000298023224,same,same,not_selected
EK3_FLOW_DELAY,navigation_sensor,True,10.0,10.0,10.0,10.0,same,same,same
EK3_FLOW_I_GATE,navigation_sensor,True,300.0,300.0,300.0,300.0,same,same,same
EK3_FLOW_MAX,navigation_sensor,True,2.5,2.5,2.5,2.5,same,same,same
EK3_FLOW_M_NSE,navigation_sensor,True,0.25,0.25,0.25,0.25,same,same,same
EK3_FLOW_USE,navigation_sensor,True,1.0,1.0,1.0,1.0,same,same,same
EK3_GBIAS_P_NSE,navigation_sensor,False,,0.00100000005,0.00100000005,0.0010000000474974513,same,same,not_selected
EK3_GLITCH_RAD,navigation_sensor,False,,25.0,25.0,25.0,same,same,not_selected
EK3_GND_EFF_DZ,navigation_sensor,False,,4.0,4.0,4.0,same,same,not_selected
EK3_GPS_CHECK,navigation_sensor,False,,31.0,31.0,31.0,same,same,not_selected
EK3_GPS_VACC_MAX,navigation_sensor,False,,0.0,0.0,0.0,same,same,not_selected
EK3_GSF_RST_MAX,navigation_sensor,False,,2.0,2.0,2.0,same,same,not_selected
EK3_GSF_RUN_MASK,navigation_sensor,False,,3.0,3.0,3.0,same,same,not_selected
EK3_GSF_USE_MASK,navigation_sensor,False,,3.0,3.0,3.0,same,same,not_selected
EK3_GYRO_P_NSE,navigation_sensor,False,,0.0149999997,0.0149999997,0.014999999664723873,same,same,not_selected
EK3_HGT_DELAY,navigation_sensor,False,,60.0,60.0,60.0,same,same,not_selected
EK3_HGT_I_GATE,navigation_sensor,False,,500.0,500.0,500.0,same,same,not_selected
EK3_HRT_FILT,navigation_sensor,False,,2.0,2.0,2.0,same,same,not_selected
EK3_IMU_MASK,navigation_sensor,False,,3.0,3.0,3.0,same,same,not_selected
EK3_LOG_LEVEL,navigation_sensor,False,,0.0,0.0,0.0,same,same,not_selected
EK3_MAGB_P_NSE,navigation_sensor,False,,9.99999975e-05,9.99999975e-05,9.999999747378752e-05,same,same,not_selected
EK3_MAGE_P_NSE,navigation_sensor,False,,0.00100000005,0.00100000005,0.0010000000474974513,same,same,not_selected
EK3_MAG_CAL,navigation_sensor,False,,3.0,3.0,3.0,same,same,not_selected
EK3_MAG_EF_LIM,navigation_sensor,False,,50.0,50.0,50.0,same,same,not_selected
EK3_MAG_I_GATE,navigation_sensor,False,,300.0,300.0,300.0,same,same,not_selected
EK3_MAG_MASK,navigation_sensor,False,,0.0,0.0,0.0,same,same,not_selected
EK3_MAG_M_NSE,navigation_sensor,False,,0.0500000007,0.0500000007,0.05000000074505806,same,same,not_selected
EK3_NOAID_M_NSE,navigation_sensor,False,,10.0,10.0,10.0,same,same,not_selected
EK3_OGNM_TEST_SF,navigation_sensor,False,,2.0,2.0,2.0,same,same,not_selected
EK3_OGN_HGT_MASK,navigation_sensor,False,,0.0,0.0,0.0,same,same,not_selected
EK3_OPTIONS,navigation_sensor,False,,0.0,0.0,0.0,same,same,not_selected
EK3_POSNE_M_NSE,navigation_sensor,False,,0.5,0.5,0.5,same,same,not_selected
EK3_POS_I_GATE,navigation_sensor,False,,500.0,500.0,500.0,same,same,not_selected
EK3_PRIMARY,navigation_sensor,True,0.0,0.0,0.0,0.0,same,same,same
EK3_RNG_I_GATE,navigation_sensor,True,500.0,500.0,500.0,500.0,same,same,same
EK3_RNG_M_NSE,navigation_sensor,True,0.5,0.5,0.5,0.5,same,same,same
EK3_RNG_USE_HGT,navigation_sensor,True,-1.0,-1.0,-1.0,-1.0,same,same,same
EK3_RNG_USE_SPD,navigation_sensor,True,2.0,2.0,2.0,2.0,same,same,same
EK3_SRC1_POSXY,navigation_sensor,True,0.0,0.0,0.0,0.0,same,same,same
EK3_SRC1_POSZ,navigation_sensor,True,1.0,1.0,1.0,1.0,same,same,same
EK3_SRC1_VELXY,navigation_sensor,True,5.0,5.0,5.0,5.0,same,same,same
EK3_SRC1_VELZ,navigation_sensor,True,0.0,0.0,0.0,0.0,same,same,same
EK3_SRC1_YAW,navigation_sensor,True,1.0,1.0,1.0,1.0,same,same,same
EK3_SRC2_POSXY,navigation_sensor,True,3.0,3.0,3.0,3.0,same,same,same
EK3_SRC2_POSZ,navigation_sensor,True,1.0,1.0,1.0,1.0,same,same,same
EK3_SRC2_VELXY,navigation_sensor,True,3.0,3.0,3.0,3.0,same,same,same
EK3_SRC2_VELZ,navigation_sensor,True,3.0,3.0,3.0,3.0,same,same,same
EK3_SRC2_YAW,navigation_sensor,True,1.0,1.0,1.0,1.0,same,same,same
EK3_SRC3_POSXY,navigation_sensor,True,3.0,3.0,3.0,3.0,same,same,same
EK3_SRC3_POSZ,navigation_sensor,True,1.0,1.0,1.0,1.0,same,same,same
EK3_SRC3_VELXY,navigation_sensor,True,3.0,3.0,3.0,3.0,same,same,same
EK3_SRC3_VELZ,navigation_sensor,True,3.0,3.0,3.0,3.0,same,same,same
EK3_SRC3_YAW,navigation_sensor,True,1.0,1.0,1.0,1.0,same,same,same
EK3_SRC_OPTIONS,navigation_sensor,True,0.0,0.0,0.0,0.0,same,same,same
EK3_TAU_OUTPUT,navigation_sensor,False,,25.0,25.0,25.0,same,same,not_selected
EK3_TERR_GRAD,navigation_sensor,False,,0.100000001,0.100000001,0.10000000149011612,same,same,not_selected
EK3_VELD_M_NSE,navigation_sensor,False,,0.5,0.5,0.5,same,same,not_selected
EK3_VELNE_M_NSE,navigation_sensor,False,,0.300000012,0.300000012,0.30000001192092896,same,same,not_selected
EK3_VEL_I_GATE,navigation_sensor,False,,500.0,500.0,500.0,same,same,not_selected
EK3_VIS_VERR_MAX,navigation_sensor,False,,0.899999976,0.899999976,0.8999999761581421,same,same,not_selected
EK3_VIS_VERR_MIN,navigation_sensor,False,,0.100000001,0.100000001,0.10000000149011612,same,same,not_selected
EK3_WENC_VERR,navigation_sensor,False,,0.100000001,0.100000001,0.10000000149011612,same,same,not_selected
EK3_WIND_PSCALE,navigation_sensor,False,,1.0,1.0,1.0,same,same,not_selected
EK3_WIND_P_NSE,navigation_sensor,False,,0.200000003,0.200000003,0.20000000298023224,same,same,not_selected
EK3_YAW_I_GATE,navigation_sensor,False,,300.0,300.0,300.0,same,same,not_selected
EK3_YAW_M_NSE,navigation_sensor,False,,0.5,0.5,0.5,same,same,not_selected
ESC_CALIBRATION,other,False,,0.0,0.0,0.0,same,same,not_selected
ESC_TLM_MAV_OFS,other,False,,0.0,0.0,0.0,same,same,not_selected
FENCE_ACTION,other,False,,1.0,1.0,1.0,same,same,not_selected
FENCE_ALT_MAX,other,False,,100.0,100.0,100.0,same,same,not_selected
FENCE_ALT_MAX_TP,other,False,,1.0,1.0,1.0,same,same,not_selected
FENCE_ALT_MIN,other,False,,-10.0,-10.0,-10.0,same,same,not_selected
FENCE_ALT_MIN_TP,other,False,,1.0,1.0,1.0,same,same,not_selected
FENCE_AUTOENABLE,other,False,,0.0,0.0,0.0,same,same,not_selected
FENCE_ENABLE,other,False,,0.0,0.0,0.0,same,same,not_selected
FENCE_MARGIN,other,False,,2.0,2.0,2.0,same,same,not_selected
FENCE_MARGIN_XY,other,False,,0.0,0.0,0.0,same,same,not_selected
FENCE_NTF_FREQ,other,False,,1.0,1.0,1.0,same,same,not_selected
FENCE_OPTIONS,other,False,,0.0,0.0,0.0,same,same,not_selected
FENCE_RADIUS,other,False,,300.0,300.0,300.0,same,same,not_selected
FENCE_TOTAL,other,False,,0.0,0.0,0.0,same,same,not_selected
FENCE_TYPE,other,False,,7.0,7.0,7.0,same,same,not_selected
FFT_ENABLE,other,False,,0.0,0.0,0.0,same,same,not_selected
FHLD_BRAKE_RATE,other,False,,8.0,8.0,8.0,same,same,not_selected
FHLD_FILT_HZ,other,False,,5.0,5.0,5.0,same,same,not_selected
FHLD_FLOW_MAX,other,False,,0.600000024,0.600000024,0.6000000238418579,same,same,not_selected
FHLD_QUAL_MIN,other,False,,10.0,10.0,10.0,same,same,not_selected
FHLD_XY_FILT_HZ,other,False,,5.0,5.0,5.0,same,same,not_selected
FHLD_XY_I,other,False,,0.300000012,0.300000012,0.30000001192092896,same,same,not_selected
FHLD_XY_IMAX,other,False,,3000.0,3000.0,3000.0,same,same,not_selected
FHLD_XY_P,other,False,,0.200000003,0.200000003,0.20000000298023224,same,same,not_selected
FILT1_TYPE,other,False,,0.0,0.0,0.0,same,same,not_selected
FILT2_TYPE,other,False,,0.0,0.0,0.0,same,same,not_selected
FILT3_TYPE,other,False,,0.0,0.0,0.0,same,same,not_selected
FILT4_TYPE,other,False,,0.0,0.0,0.0,same,same,not_selected
FILT5_TYPE,other,False,,0.0,0.0,0.0,same,same,not_selected
FILT6_TYPE,other,False,,0.0,0.0,0.0,same,same,not_selected
FILT7_TYPE,other,False,,0.0,0.0,0.0,same,same,not_selected
FILT8_TYPE,other,False,,0.0,0.0,0.0,same,same,not_selected
FLIGHT_OPTIONS,other,False,,0.0,0.0,0.0,same,same,not_selected
FLOW_ADDR,navigation_sensor,False,,0.0,0.0,0.0,same,same,not_selected
FLOW_FXSCALER,navigation_sensor,False,,0.0,0.0,0.0,same,same,not_selected
FLOW_FYSCALER,navigation_sensor,False,,0.0,0.0,0.0,same,same,not_selected
FLOW_OPTIONS,navigation_sensor,True,0.0,0.0,0.0,0.0,same,same,same
FLOW_ORIENT_YAW,navigation_sensor,True,0.0,0.0,0.0,0.0,same,same,same
FLOW_POS_X,navigation_sensor,False,,0.0,0.0,0.0,same,same,not_selected
FLOW_POS_Y,navigation_sensor,False,,0.0,0.0,0.0,same,same,not_selected
FLOW_POS_Z,navigation_sensor,False,,0.0,0.0,0.0,same,same,not_selected
FLOW_TYPE,navigation_sensor,True,5.0,5.0,5.0,5.0,same,same,same
FLTMODE1,rc_mode_mapping,True,0.0,0.0,0.0,0.0,same,same,same
FLTMODE2,rc_mode_mapping,True,0.0,0.0,0.0,0.0,same,same,same
FLTMODE3,rc_mode_mapping,True,0.0,0.0,0.0,0.0,same,same,same
FLTMODE4,rc_mode_mapping,True,2.0,2.0,2.0,2.0,same,same,same
FLTMODE5,rc_mode_mapping,True,0.0,0.0,0.0,0.0,same,same,same
FLTMODE6,rc_mode_mapping,True,5.0,5.0,5.0,5.0,same,same,same
FLTMODE_CH,rc_mode_mapping,True,5.0,5.0,5.0,5.0,same,same,same
FLTMODE_GCSBLOCK,rc_mode_mapping,False,,0.0,0.0,0.0,same,same,not_selected
FOLL_ENABLE,other,False,,0.0,0.0,0.0,same,same,not_selected
FORMAT_VERSION,other,False,,120.0,120.0,120.0,same,same,not_selected
FRAME_CLASS,other,True,1.0,1.0,1.0,1.0,same,same,same
FRAME_TYPE,other,True,1.0,1.0,1.0,1.0,same,same,same
FRSKY_DNLINK1_ID,other,False,,20.0,20.0,20.0,same,same,not_selected
FRSKY_DNLINK2_ID,other,False,,7.0,7.0,7.0,same,same,not_selected
FRSKY_DNLINK_ID,other,False,,27.0,27.0,27.0,same,same,not_selected
FRSKY_OPTIONS,other,False,,0.0,0.0,0.0,same,same,not_selected
FRSKY_UPLINK_ID,other,False,,13.0,13.0,13.0,same,same,not_selected
FS_CRASH_CHECK,safety,True,1.0,1.0,1.0,1.0,same,same,same
FS_DR_ENABLE,safety,True,2.0,2.0,2.0,2.0,same,same,same
FS_DR_TIMEOUT,safety,True,30.0,30.0,30.0,30.0,same,same,same
FS_EKF_ACTION,safety,True,1.0,1.0,1.0,1.0,same,same,same
FS_EKF_FILT,safety,True,5.0,5.0,5.0,5.0,same,same,same
FS_EKF_THRESH,safety,True,0.8,0.800000012,0.800000012,0.800000011920929,same,same,same
FS_GCS_ENABLE,safety,True,0.0,0.0,0.0,0.0,same,same,same
FS_GCS_TIMEOUT,safety,True,5.0,5.0,5.0,5.0,same,same,same
FS_OPTIONS,safety,True,16.0,16.0,16.0,16.0,same,same,same
FS_THR_ENABLE,safety,True,1.0,1.0,1.0,1.0,same,same,same
FS_THR_VALUE,safety,True,975.0,975.0,975.0,975.0,same,same,same
FS_VIBE_ENABLE,safety,True,1.0,1.0,1.0,1.0,same,same,same
GCS_PID_MASK,other,False,,0.0,0.0,0.0,same,same,not_selected
GND_EFFECT_COMP,other,False,,1.0,1.0,1.0,same,same,not_selected
GPS1_CAN_NODEID,other,False,,0.0,0.0,0.0,same,same,not_selected
GPS1_CAN_OVRIDE,other,False,,0.0,0.0,0.0,same,same,not_selected
GPS1_COM_PORT,other,False,,1.0,1.0,1.0,same,same,not_selected
GPS1_DELAY_MS,other,False,,0.0,0.0,0.0,same,same,not_selected
GPS1_GNSS_MODE,other,False,,0.0,0.0,0.0,same,same,not_selected
GPS1_MB_TYPE,other,False,,0.0,0.0,0.0,same,same,not_selected
GPS1_POS_X,other,False,,0.0,0.0,0.0,same,same,not_selected
GPS1_POS_Y,other,False,,0.0,0.0,0.0,same,same,not_selected
GPS1_POS_Z,other,False,,0.0,0.0,0.0,same,same,not_selected
GPS1_RATE_MS,other,False,,200.0,200.0,200.0,same,same,not_selected
GPS1_TYPE,other,False,,1.0,1.0,1.0,same,same,not_selected
GPS2_TYPE,other,False,,0.0,0.0,0.0,same,same,not_selected
GPS_AUTO_CONFIG,other,False,,1.0,1.0,1.0,same,same,not_selected
GPS_AUTO_SWITCH,other,False,,1.0,1.0,1.0,same,same,not_selected
GPS_BLEND_MASK,other,False,,5.0,5.0,5.0,same,same,not_selected
GPS_DRV_OPTIONS,other,False,,0.0,0.0,0.0,same,same,not_selected
GPS_HDOP_GOOD,other,False,,140.0,140.0,140.0,same,same,not_selected
GPS_INJECT_TO,other,False,,127.0,127.0,127.0,same,same,not_selected
GPS_MIN_ELEV,other,False,,-100.0,-100.0,-100.0,same,same,not_selected
GPS_NAVFILTER,other,False,,8.0,8.0,8.0,same,same,not_selected
GPS_PRIMARY,other,False,,0.0,0.0,0.0,same,same,not_selected
GPS_RAW_DATA,other,False,,0.0,0.0,0.0,same,same,not_selected
GPS_SAVE_CFG,other,False,,2.0,2.0,2.0,same,same,not_selected
GPS_SBAS_MODE,other,False,,2.0,2.0,2.0,same,same,not_selected
GPS_SBP_LOGMASK,other,False,,-256.0,-256.0,-256.0,same,same,not_selected
GRIP_ENABLE,other,False,,0.0,0.0,0.0,same,same,not_selected
GUID_OPTIONS,other,False,,0.0,0.0,0.0,same,same,not_selected
GUID_TIMEOUT,other,False,,3.0,3.0,3.0,same,same,not_selected
INITIAL_MODE,other,False,,0.0,0.0,0.0,same,same,not_selected
INS_ACC1_CALTEMP,hardware_specific,False,,43.795929,-300.0,44.96476745605469,different,different,not_selected
INS_ACC2OFFS_X,hardware_specific,False,,0.135447964,0.0,0.025201620534062386,different,different,not_selected
INS_ACC2OFFS_Y,hardware_specific,False,,0.257588238,0.0,-0.26532474160194397,different,different,not_selected
INS_ACC2OFFS_Z,hardware_specific,False,,0.948511958,0.0,0.4370395839214325,different,different,not_selected
INS_ACC2SCAL_X,hardware_specific,False,,1.04522693,1.0,0.9981597661972046,different,different,not_selected
INS_ACC2SCAL_Y,hardware_specific,False,,1.00975633,1.0,1.0164005756378174,different,different,not_selected
INS_ACC2SCAL_Z,hardware_specific,False,,1.01279485,1.0,0.996629536151886,different,different,not_selected
INS_ACC2_CALTEMP,hardware_specific,False,,43.1142464,-300.0,42.444580078125,different,different,not_selected
INS_ACC2_ID,hardware_specific,False,,1114634.0,1114634.0,1114634.0,same,same,not_selected
INS_ACC3OFFS_X,hardware_specific,False,,0.0,,,different,same,not_selected
INS_ACC3OFFS_Y,hardware_specific,False,,0.0,,,different,same,not_selected
INS_ACC3OFFS_Z,hardware_specific,False,,0.0,,,different,same,not_selected
INS_ACC3SCAL_X,hardware_specific,False,,0.0,,,different,same,not_selected
INS_ACC3SCAL_Y,hardware_specific,False,,0.0,,,different,same,not_selected
INS_ACC3SCAL_Z,hardware_specific,False,,0.0,,,different,same,not_selected
INS_ACC3_CALTEMP,hardware_specific,False,,-300.0,,,different,same,not_selected
INS_ACC3_ID,hardware_specific,False,,0.0,,,different,same,not_selected
INS_ACCEL_FILTER,hardware_specific,False,,20.0,20.0,20.0,same,same,not_selected
INS_ACCOFFS_X,hardware_specific,False,,0.0365961343,0.0,0.05456365644931793,different,different,not_selected
INS_ACCOFFS_Y,hardware_specific,False,,-0.0786908641,0.0,-0.06268738955259323,different,different,not_selected
INS_ACCOFFS_Z,hardware_specific,False,,0.265527964,0.0,-0.1449599713087082,different,different,not_selected
INS_ACCSCAL_X,hardware_specific,False,,0.993905127,1.0,1.0025156736373901,different,different,not_selected
INS_ACCSCAL_Y,hardware_specific,False,,0.999409437,1.0,1.0031402111053467,different,different,not_selected
INS_ACCSCAL_Z,hardware_specific,False,,0.986866951,1.0,0.9939870834350586,different,different,not_selected
INS_ACC_BODYFIX,hardware_specific,False,,2.0,2.0,2.0,same,same,not_selected
INS_ACC_ID,hardware_specific,False,,1246218.0,1246218.0,1246218.0,same,same,not_selected
INS_ENABLE_MASK,hardware_specific,False,,127.0,127.0,127.0,same,same,not_selected
INS_FAST_SAMPLE,hardware_specific,False,,1.0,1.0,1.0,same,same,not_selected
INS_GYR1_CALTEMP,hardware_specific,False,,46.943573,43.6807671,52.792091369628906,different,different,not_selected
INS_GYR2OFFS_X,hardware_specific,False,,0.015836712,0.0153443925,0.017269501462578773,different,different,not_selected
INS_GYR2OFFS_Y,hardware_specific,False,,0.0315775648,0.0162830055,0.012968731112778187,different,different,not_selected
INS_GYR2OFFS_Z,hardware_specific,False,,-0.0389828607,-0.0331619307,-0.039542220532894135,different,different,not_selected
INS_GYR2_CALTEMP,hardware_specific,False,,44.4452591,39.9418297,48.65308380126953,different,different,not_selected
INS_GYR2_ID,hardware_specific,False,,2228490.0,2228490.0,2228490.0,same,same,not_selected
INS_GYR3OFFS_X,hardware_specific,False,,0.0,,,different,same,not_selected
INS_GYR3OFFS_Y,hardware_specific,False,,0.0,,,different,same,not_selected
INS_GYR3OFFS_Z,hardware_specific,False,,0.0,,,different,same,not_selected
INS_GYR3_CALTEMP,hardware_specific,False,,-300.0,,,different,same,not_selected
INS_GYR3_ID,hardware_specific,False,,0.0,,,different,same,not_selected
INS_GYROFFS_X,hardware_specific,False,,0.022622671,-0.0261223912,-0.024558313190937042,different,different,not_selected
INS_GYROFFS_Y,hardware_specific,False,,0.0327460654,0.0120840659,0.01577943190932274,different,different,not_selected
INS_GYROFFS_Z,hardware_specific,False,,0.00756659824,-0.0160418246,-0.017505347728729248,different,different,not_selected
INS_GYRO_FILTER,hardware_specific,False,,20.0,20.0,20.0,same,same,not_selected
INS_GYRO_RATE,hardware_specific,False,,0.0,0.0,0.0,same,same,not_selected
INS_GYR_CAL,hardware_specific,False,,1.0,1.0,1.0,same,same,not_selected
INS_GYR_ID,hardware_specific,False,,2163722.0,2163722.0,2163722.0,same,same,not_selected
INS_HNTC2_ENABLE,hardware_specific,False,,0.0,0.0,0.0,same,same,not_selected
INS_HNTC3_ENABLE,hardware_specific,False,,0.0,0.0,0.0,same,same,not_selected
INS_HNTCH_ENABLE,hardware_specific,False,,0.0,0.0,0.0,same,same,not_selected
INS_LOG_BAT_CNT,hardware_specific,False,,1024.0,1024.0,1024.0,same,same,not_selected
INS_LOG_BAT_LGCT,hardware_specific,False,,32.0,32.0,32.0,same,same,not_selected
INS_LOG_BAT_LGIN,hardware_specific,False,,20.0,20.0,20.0,same,same,not_selected
INS_LOG_BAT_MASK,hardware_specific,False,,0.0,0.0,0.0,same,same,not_selected
INS_LOG_BAT_OPT,hardware_specific,False,,0.0,0.0,0.0,same,same,not_selected
INS_POS1_X,hardware_specific,False,,0.0,0.0,0.0,same,same,not_selected
INS_POS1_Y,hardware_specific,False,,0.0,0.0,0.0,same,same,not_selected
INS_POS1_Z,hardware_specific,False,,0.0,0.0,0.0,same,same,not_selected
INS_POS2_X,hardware_specific,False,,0.0,0.0,0.0,same,same,not_selected
INS_POS2_Y,hardware_specific,False,,0.0,0.0,0.0,same,same,not_selected
INS_POS2_Z,hardware_specific,False,,0.0,0.0,0.0,same,same,not_selected
INS_POS3_X,hardware_specific,False,,0.0,,,different,same,not_selected
INS_POS3_Y,hardware_specific,False,,0.0,,,different,same,not_selected
INS_POS3_Z,hardware_specific,False,,0.0,,,different,same,not_selected
INS_RAW_LOG_OPT,hardware_specific,False,,0.0,0.0,0.0,same,same,not_selected
INS_STILL_THRESH,hardware_specific,False,,2.5,2.5,2.5,same,same,not_selected
INS_TCAL1_ENABLE,hardware_specific,False,,0.0,0.0,0.0,same,same,not_selected
INS_TCAL2_ENABLE,hardware_specific,False,,0.0,0.0,0.0,same,same,not_selected
INS_TCAL3_ENABLE,hardware_specific,False,,0.0,,,different,same,not_selected
INS_TCAL_OPTIONS,hardware_specific,False,,0.0,0.0,0.0,same,same,not_selected
INS_TRIM_OPTION,hardware_specific,False,,1.0,1.0,1.0,same,same,not_selected
INS_USE,hardware_specific,False,,1.0,1.0,1.0,same,same,not_selected
INS_USE2,hardware_specific,False,,1.0,1.0,1.0,same,same,not_selected
INS_USE3,hardware_specific,False,,1.0,,,different,same,not_selected
LAND_ALT_LOW_M,landing,True,10.0,10.0,10.0,10.0,same,same,same
LAND_REPOSITION,landing,True,1.0,1.0,1.0,1.0,same,same,same
LAND_SPD_HIGH_MS,landing,True,0.0,0.0,0.0,0.0,same,same,same
LAND_SPD_MS,landing,True,0.5,0.5,0.5,0.5,same,same,same
LGR_ENABLE,other,False,,0.0,0.0,0.0,same,same,not_selected
LOG_BACKEND_TYPE,logging,True,1.0,1.0,1.0,1.0,same,same,same
LOG_BITMASK,logging,True,180222.0,180222.0,180222.0,180222.0,same,same,same
LOG_DARM_RATEMAX,logging,False,,0.0,0.0,0.0,same,same,not_selected
LOG_DISARMED,logging,True,0.0,0.0,0.0,0.0,same,same,same
LOG_FILE_BUFSIZE,logging,False,,16.0,16.0,16.0,same,same,not_selected
LOG_FILE_DSRMROT,logging,False,,0.0,0.0,0.0,same,same,not_selected
LOG_FILE_MB_FREE,logging,True,500.0,500.0,500.0,500.0,same,same,same
LOG_FILE_RATEMAX,logging,False,,0.0,0.0,0.0,same,same,not_selected
LOG_FILE_TIMEOUT,logging,True,5.0,5.0,5.0,5.0,same,same,same
LOG_MAV_BUFSIZE,logging,False,,8.0,8.0,8.0,same,same,not_selected
LOG_MAV_RATEMAX,logging,False,,10.0,10.0,10.0,same,same,not_selected
LOG_MAX_FILES,logging,True,500.0,500.0,500.0,500.0,same,same,same
LOG_REPLAY,logging,False,,0.0,0.0,0.0,same,same,not_selected
LOIT_ACC_MAX_M,other,False,,5.0,5.0,5.0,same,same,not_selected
LOIT_ANG_MAX,other,False,,0.0,0.0,0.0,same,same,not_selected
LOIT_BRK_ACC_M,other,False,,2.5,2.5,2.5,same,same,not_selected
LOIT_BRK_DELAY,other,False,,1.0,1.0,1.0,same,same,not_selected
LOIT_BRK_JRK_M,other,False,,5.0,5.0,5.0,same,same,not_selected
LOIT_OPTIONS,other,False,,1.0,1.0,1.0,same,same,not_selected
LOIT_SPEED_MS,other,False,,12.5,12.5,12.5,same,same,not_selected
MAV1_ADSB,serial_telemetry,False,,0.0,0.0,0.0,same,same,not_selected
MAV1_EXTRA1,serial_telemetry,True,4.0,4.0,4.0,4.0,same,same,same
MAV1_EXTRA2,serial_telemetry,True,4.0,4.0,4.0,4.0,same,same,same
MAV1_EXTRA3,serial_telemetry,True,2.0,2.0,2.0,2.0,same,same,same
MAV1_EXT_STAT,serial_telemetry,True,2.0,2.0,2.0,2.0,same,same,same
MAV1_OPTIONS,serial_telemetry,False,,0.0,0.0,0.0,same,same,not_selected
MAV1_PARAMS,serial_telemetry,False,,0.0,0.0,0.0,same,same,not_selected
MAV1_POSITION,serial_telemetry,True,2.0,2.0,2.0,2.0,same,same,same
MAV1_RAW_CTRL,serial_telemetry,False,,0.0,0.0,0.0,same,same,not_selected
MAV1_RAW_SENS,serial_telemetry,True,2.0,2.0,2.0,2.0,same,same,same
MAV1_RC_CHAN,serial_telemetry,True,2.0,2.0,2.0,2.0,same,same,same
MAV2_ADSB,serial_telemetry,False,,0.0,0.0,0.0,same,same,not_selected
MAV2_EXTRA1,serial_telemetry,False,,0.0,0.0,0.0,same,same,not_selected
MAV2_EXTRA2,serial_telemetry,False,,0.0,0.0,0.0,same,same,not_selected
MAV2_EXTRA3,serial_telemetry,False,,0.0,0.0,0.0,same,same,not_selected
MAV2_EXT_STAT,serial_telemetry,False,,0.0,0.0,0.0,same,same,not_selected
MAV2_OPTIONS,serial_telemetry,False,,0.0,0.0,0.0,same,same,not_selected
MAV2_PARAMS,serial_telemetry,False,,0.0,0.0,0.0,same,same,not_selected
MAV2_POSITION,serial_telemetry,False,,0.0,0.0,0.0,same,same,not_selected
MAV2_RAW_CTRL,serial_telemetry,False,,0.0,0.0,0.0,same,same,not_selected
MAV2_RAW_SENS,serial_telemetry,False,,0.0,0.0,0.0,same,same,not_selected
MAV2_RC_CHAN,serial_telemetry,False,,0.0,0.0,5.0,different,different,not_selected
MAV3_ADSB,serial_telemetry,False,,0.0,0.0,0.0,same,same,not_selected
MAV3_EXTRA1,serial_telemetry,False,,0.0,0.0,0.0,same,same,not_selected
MAV3_EXTRA2,serial_telemetry,False,,0.0,0.0,0.0,same,same,not_selected
MAV3_EXTRA3,serial_telemetry,False,,0.0,0.0,0.0,same,same,not_selected
MAV3_EXT_STAT,serial_telemetry,False,,0.0,0.0,0.0,same,same,not_selected
MAV3_OPTIONS,serial_telemetry,False,,2.0,0.0,0.0,different,same,not_selected
MAV3_PARAMS,serial_telemetry,False,,0.0,0.0,0.0,same,same,not_selected
MAV3_POSITION,serial_telemetry,False,,0.0,0.0,0.0,same,same,not_selected
MAV3_RAW_CTRL,serial_telemetry,False,,0.0,0.0,0.0,same,same,not_selected
MAV3_RAW_SENS,serial_telemetry,False,,0.0,0.0,0.0,same,same,not_selected
MAV3_RC_CHAN,serial_telemetry,False,,0.0,0.0,0.0,same,same,not_selected
MAV_GCS_SYSID,serial_telemetry,False,,255.0,255.0,255.0,same,same,not_selected
MAV_GCS_SYSID_HI,serial_telemetry,False,,0.0,0.0,0.0,same,same,not_selected
MAV_OPTIONS,serial_telemetry,False,,0.0,0.0,0.0,same,same,not_selected
MAV_SYSID,serial_telemetry,False,,1.0,1.0,1.0,same,same,not_selected
MAV_TELEM_DELAY,serial_telemetry,False,,0.0,0.0,0.0,same,same,not_selected
MIS_OPTIONS,other,False,,0.0,0.0,0.0,same,same,not_selected
MIS_RESTART,other,False,,0.0,0.0,0.0,same,same,not_selected
MIS_TOTAL,other,False,,1.0,1.0,1.0,same,same,not_selected
MNT1_TYPE,other,False,,0.0,0.0,0.0,same,same,not_selected
MNT2_TYPE,other,False,,0.0,0.0,0.0,same,same,not_selected
MOT_BAT_CURR_MAX,hardware_specific,False,,0.0,0.0,0.0,same,same,not_selected
MOT_BAT_CURR_TC,hardware_specific,False,,5.0,5.0,5.0,same,same,not_selected
MOT_BAT_IDX,hardware_specific,False,,0.0,0.0,0.0,same,same,not_selected
MOT_BAT_VOLT_MAX,hardware_specific,False,,0.0,0.0,0.0,same,same,not_selected
MOT_BAT_VOLT_MIN,hardware_specific,False,,0.0,0.0,0.0,same,same,not_selected
MOT_BOOST_SCALE,hardware_specific,False,,0.0,0.0,0.0,same,same,not_selected
MOT_HOVER_LEARN,hardware_specific,False,,2.0,2.0,2.0,same,same,not_selected
MOT_IDLE_SEC,hardware_specific,False,,0.0,0.0,0.0,same,same,not_selected
MOT_OPTIONS,hardware_specific,False,,0.0,0.0,0.0,same,same,not_selected
MOT_PWM_MAX,hardware_specific,False,,2001.0,2000.0,2000.0,different,same,not_selected
MOT_PWM_MIN,hardware_specific,False,,1000.0,1000.0,1000.0,same,same,not_selected
MOT_PWM_TYPE,hardware_specific,False,,0.0,0.0,0.0,same,same,not_selected
MOT_SAFE_DISARM,hardware_specific,False,,0.0,0.0,0.0,same,same,not_selected
MOT_SAFE_TIME,hardware_specific,False,,1.0,1.0,1.0,same,same,not_selected
MOT_SLEW_DN_TIME,hardware_specific,False,,0.0,0.0,0.0,same,same,not_selected
MOT_SLEW_UP_TIME,hardware_specific,False,,0.0,0.0,0.0,same,same,not_selected
MOT_SPIN_ARM,hardware_specific,False,,0.100000001,0.100000001,0.0,different,different,not_selected
MOT_SPIN_MAX,hardware_specific,False,,0.949999988,0.949999988,0.949999988079071,same,same,not_selected
MOT_SPIN_MIN,hardware_specific,False,,0.150000006,0.150000006,0.15000000596046448,same,same,not_selected
MOT_SPOOL_TIME,hardware_specific,False,,0.5,0.5,0.5,same,same,not_selected
MOT_SPOOL_TIM_DN,hardware_specific,False,,0.0,0.0,0.0,same,same,not_selected
MOT_THST_EXPO,hardware_specific,False,,0.649999976,0.649999976,0.6499999761581421,same,same,not_selected
MOT_THST_HOVER,hardware_specific,False,,0.6875,0.349999994,0.6803902983665466,different,different,not_selected
MOT_YAW_HEADROOM,hardware_specific,False,,200.0,200.0,200.0,same,same,not_selected
MSP_OPTIONS,other,False,,0.0,0.0,0.0,same,same,not_selected
MSP_OSD_NCELLS,other,False,,0.0,0.0,0.0,same,same,not_selected
NMEA_MSG_EN,other,False,,3.0,3.0,3.0,same,same,not_selected
NMEA_RATE_MS,other,False,,100.0,100.0,100.0,same,same,not_selected
NTF_BUZZ_ON_LVL,other,False,,1.0,1.0,1.0,same,same,not_selected
NTF_BUZZ_PIN,other,False,,-1.0,-1.0,-1.0,same,same,not_selected
NTF_BUZZ_TYPES,other,False,,5.0,5.0,5.0,same,same,not_selected
NTF_BUZZ_VOLUME,other,False,,100.0,100.0,100.0,same,same,not_selected
NTF_DISPLAY_TYPE,other,False,,0.0,0.0,0.0,same,same,not_selected
NTF_LED_BRIGHT,other,False,,3.0,3.0,3.0,same,same,not_selected
NTF_LED_LEN,other,False,,1.0,1.0,1.0,same,same,not_selected
NTF_LED_OVERRIDE,other,False,,0.0,0.0,0.0,same,same,not_selected
NTF_LED_TYPES,other,False,,123079.0,123079.0,123079.0,same,same,not_selected
NTF_OREO_THEME,other,False,,0.0,0.0,0.0,same,same,not_selected
OA_TYPE,other,False,,0.0,0.0,0.0,same,same,not_selected
OSD_TYPE,other,False,,0.0,0.0,0.0,same,same,not_selected
PHLD_BRK_ANGLE,other,False,,30.0,30.0,30.0,same,same,not_selected
PHLD_BRK_RATE,other,False,,8.0,8.0,8.0,same,same,not_selected
PILOT_ACC_Z,other,False,,2.5,2.5,2.5,same,same,not_selected
PILOT_SPD_DN,other,False,,0.0,0.0,0.0,same,same,not_selected
PILOT_SPD_UP,other,False,,2.5,2.5,2.5,same,same,not_selected
PILOT_THR_BHV,landing,True,4.0,4.0,4.0,4.0,same,same,same
PILOT_THR_FILT,landing,False,,0.0,0.0,0.0,same,same,not_selected
PILOT_TKO_ALT_M,other,False,,0.0,0.0,0.0,same,same,not_selected
PILOT_Y_EXPO,other,False,,0.0,0.0,0.0,same,same,not_selected
PILOT_Y_RATE,other,False,,202.5,202.5,202.5,same,same,not_selected
PILOT_Y_RATE_TC,other,False,,0.0,0.0,0.0,same,same,not_selected
PLDP_DELAY,other,False,,0.0,0.0,0.0,same,same,not_selected
PLDP_RNG_MAX,other,False,,0.0,0.0,0.0,same,same,not_selected
PLDP_SPEED_DN,other,False,,0.0,0.0,0.0,same,same,not_selected
PLDP_THRESH,other,False,,0.899999976,0.899999976,0.8999999761581421,same,same,not_selected
PLND_ACC_P_NSE,landing,True,2.5,2.5,2.5,2.5,same,same,same
PLND_ALT_MAX,landing,True,8.0,8.0,8.0,8.0,same,same,same
PLND_ALT_MIN,landing,True,0.75,0.75,0.75,0.75,same,same,same
PLND_BUS,landing,False,,-1.0,-1.0,-1.0,same,same,not_selected
PLND_CAM_POS_X,landing,False,,0.0,0.0,0.0,same,same,not_selected
PLND_CAM_POS_Y,landing,False,,0.0,0.0,0.0,same,same,not_selected
PLND_CAM_POS_Z,landing,False,,0.0,0.0,0.0,same,same,not_selected
PLND_ENABLED,landing,True,1.0,1.0,1.0,1.0,same,same,same
PLND_EST_TYPE,landing,True,1.0,1.0,1.0,1.0,same,same,same
PLND_LAG,landing,True,0.02,0.0199999996,0.0199999996,0.019999999552965164,same,same,same
PLND_LAND_OFS_X,landing,False,,0.0,0.0,0.0,same,same,not_selected
PLND_LAND_OFS_Y,landing,False,,0.0,0.0,0.0,same,same,not_selected
PLND_OPTIONS,landing,True,1.0,1.0,1.0,1.0,same,same,same
PLND_RET_BEHAVE,landing,True,0.0,0.0,0.0,0.0,same,same,same
PLND_RET_MAX,landing,True,4.0,4.0,4.0,4.0,same,same,same
PLND_STRICT,landing,True,1.0,1.0,1.0,1.0,same,same,same
PLND_TIMEOUT,landing,True,4.0,4.0,4.0,4.0,same,same,same
PLND_TYPE,landing,True,1.0,1.0,1.0,1.0,same,same,same
PLND_XY_DIST_MAX,landing,True,2.5,2.5,2.5,2.5,same,same,same
PLND_YAW_ALIGN,landing,True,0.0,0.0,0.0,0.0,same,same,same
PRX1_TYPE,other,False,,0.0,0.0,0.0,same,same,not_selected
PRX2_TYPE,other,False,,0.0,0.0,0.0,same,same,not_selected
PRX3_TYPE,other,False,,0.0,0.0,0.0,same,same,not_selected
PRX4_TYPE,other,False,,0.0,0.0,0.0,same,same,not_selected
PRX5_TYPE,other,False,,0.0,0.0,0.0,same,same,not_selected
PRX_ALT_MIN,other,False,,1.0,1.0,1.0,same,same,not_selected
PRX_FILT,other,False,,0.25,0.25,0.25,same,same,not_selected
PRX_IGN_GND,other,False,,0.0,0.0,0.0,same,same,not_selected
PRX_LOG_RAW,other,False,,0.0,0.0,0.0,same,same,not_selected
PSC_ANGLE_MAX,hardware_specific,False,,0.0,0.0,0.0,same,same,not_selected
PSC_D_ACC_D,hardware_specific,False,,0.0,0.0,0.0,same,same,not_selected
PSC_D_ACC_D_FF,hardware_specific,False,,0.0,0.0,0.0,same,same,not_selected
PSC_D_ACC_FF,hardware_specific,False,,0.0,0.0,0.0,same,same,not_selected
PSC_D_ACC_FLTD,hardware_specific,False,,0.0,0.0,0.0,same,same,not_selected
PSC_D_ACC_FLTE,hardware_specific,False,,20.0,20.0,20.0,same,same,not_selected
PSC_D_ACC_FLTT,hardware_specific,False,,0.0,0.0,0.0,same,same,not_selected
PSC_D_ACC_I,hardware_specific,False,,0.100000001,0.100000001,0.10000000149011612,same,same,not_selected
PSC_D_ACC_IMAX,hardware_specific,False,,0.800000012,0.800000012,0.800000011920929,same,same,not_selected
PSC_D_ACC_NEF,hardware_specific,False,,0.0,0.0,0.0,same,same,not_selected
PSC_D_ACC_NTF,hardware_specific,False,,0.0,0.0,0.0,same,same,not_selected
PSC_D_ACC_P,hardware_specific,False,,0.0500000007,0.0500000007,0.05000000074505806,same,same,not_selected
PSC_D_ACC_PDMX,hardware_specific,False,,0.0,0.0,0.0,same,same,not_selected
PSC_D_ACC_SMAX,hardware_specific,False,,0.0,0.0,0.0,same,same,not_selected
PSC_D_POS_P,hardware_specific,False,,1.0,1.0,1.0,same,same,not_selected
PSC_D_VEL_D,hardware_specific,False,,0.0,0.0,0.0,same,same,not_selected
PSC_D_VEL_FF,hardware_specific,False,,0.0,0.0,0.0,same,same,not_selected
PSC_D_VEL_FLTD,hardware_specific,False,,5.0,5.0,5.0,same,same,not_selected
PSC_D_VEL_FLTE,hardware_specific,False,,5.0,5.0,5.0,same,same,not_selected
PSC_D_VEL_I,hardware_specific,False,,0.0,0.0,0.0,same,same,not_selected
PSC_D_VEL_IMAX,hardware_specific,False,,10.0,10.0,10.0,same,same,not_selected
PSC_D_VEL_P,hardware_specific,False,,5.0,5.0,5.0,same,same,not_selected
PSC_JERK_D,hardware_specific,False,,5.0,5.0,5.0,same,same,not_selected
PSC_JERK_NE,hardware_specific,False,,5.0,5.0,5.0,same,same,not_selected
PSC_NE_POS_P,hardware_specific,False,,1.0,1.0,1.0,same,same,not_selected
PSC_NE_VEL_D,hardware_specific,False,,0.25,0.25,0.25,same,same,not_selected
PSC_NE_VEL_FF,hardware_specific,False,,0.0,0.0,0.0,same,same,not_selected
PSC_NE_VEL_FLTD,hardware_specific,False,,5.0,5.0,5.0,same,same,not_selected
PSC_NE_VEL_FLTE,hardware_specific,False,,5.0,5.0,5.0,same,same,not_selected
PSC_NE_VEL_I,hardware_specific,False,,1.0,1.0,1.0,same,same,not_selected
PSC_NE_VEL_IMAX,hardware_specific,False,,10.0,10.0,10.0,same,same,not_selected
PSC_NE_VEL_P,hardware_specific,False,,2.0,2.0,2.0,same,same,not_selected
RALLY_INCL_HOME,other,False,,1.0,1.0,1.0,same,same,not_selected
RALLY_LIMIT_KM,other,False,,0.300000012,0.300000012,0.30000001192092896,same,same,not_selected
RALLY_TOTAL,other,False,,0.0,0.0,0.0,same,same,not_selected
RC10_DZ,hardware_specific,False,,0.0,0.0,0.0,same,same,not_selected
RC10_MAX,hardware_specific,False,,1900.0,1900.0,1900.0,same,same,not_selected
RC10_MIN,hardware_specific,False,,1100.0,1100.0,1100.0,same,same,not_selected
RC10_OPTION,rc_mode_mapping,False,,90.0,0.0,0.0,different,same,not_selected
RC10_REVERSED,hardware_specific,False,,0.0,0.0,0.0,same,same,not_selected
RC10_TRIM,hardware_specific,False,,1500.0,1500.0,1500.0,same,same,not_selected
RC11_DZ,hardware_specific,False,,0.0,0.0,0.0,same,same,not_selected
RC11_MAX,hardware_specific,False,,1900.0,1900.0,1900.0,same,same,not_selected
RC11_MIN,hardware_specific,False,,1100.0,1100.0,1100.0,same,same,not_selected
RC11_OPTION,rc_mode_mapping,False,,0.0,0.0,0.0,same,same,not_selected
RC11_REVERSED,hardware_specific,False,,0.0,0.0,0.0,same,same,not_selected
RC11_TRIM,hardware_specific,False,,1500.0,1500.0,1500.0,same,same,not_selected
RC12_DZ,hardware_specific,False,,0.0,0.0,0.0,same,same,not_selected
RC12_MAX,hardware_specific,False,,1900.0,1900.0,1900.0,same,same,not_selected
RC12_MIN,hardware_specific,False,,1100.0,1100.0,1100.0,same,same,not_selected
RC12_OPTION,rc_mode_mapping,False,,0.0,0.0,0.0,same,same,not_selected
RC12_REVERSED,hardware_specific,False,,0.0,0.0,0.0,same,same,not_selected
RC12_TRIM,hardware_specific,False,,1500.0,1500.0,1500.0,same,same,not_selected
RC13_DZ,hardware_specific,False,,0.0,0.0,0.0,same,same,not_selected
RC13_MAX,hardware_specific,False,,1900.0,1900.0,1900.0,same,same,not_selected
RC13_MIN,hardware_specific,False,,1100.0,1100.0,1100.0,same,same,not_selected
RC13_OPTION,rc_mode_mapping,False,,0.0,0.0,0.0,same,same,not_selected
RC13_REVERSED,hardware_specific,False,,0.0,0.0,0.0,same,same,not_selected
RC13_TRIM,hardware_specific,False,,1500.0,1500.0,1500.0,same,same,not_selected
RC14_DZ,hardware_specific,False,,0.0,0.0,0.0,same,same,not_selected
RC14_MAX,hardware_specific,False,,1900.0,1900.0,1900.0,same,same,not_selected
RC14_MIN,hardware_specific,False,,1100.0,1100.0,1100.0,same,same,not_selected
RC14_OPTION,rc_mode_mapping,False,,0.0,0.0,0.0,same,same,not_selected
RC14_REVERSED,hardware_specific,False,,0.0,0.0,0.0,same,same,not_selected
RC14_TRIM,hardware_specific,False,,1500.0,1500.0,1500.0,same,same,not_selected
RC15_DZ,hardware_specific,False,,0.0,0.0,0.0,same,same,not_selected
RC15_MAX,hardware_specific,False,,1900.0,1900.0,1900.0,same,same,not_selected
RC15_MIN,hardware_specific,False,,1100.0,1100.0,1100.0,same,same,not_selected
RC15_OPTION,rc_mode_mapping,False,,0.0,0.0,0.0,same,same,not_selected
RC15_REVERSED,hardware_specific,False,,0.0,0.0,0.0,same,same,not_selected
RC15_TRIM,hardware_specific,False,,1500.0,1500.0,1500.0,same,same,not_selected
RC16_DZ,hardware_specific,False,,0.0,0.0,0.0,same,same,not_selected
RC16_MAX,hardware_specific,False,,1900.0,1900.0,1900.0,same,same,not_selected
RC16_MIN,hardware_specific,False,,1100.0,1100.0,1100.0,same,same,not_selected
RC16_OPTION,rc_mode_mapping,False,,0.0,0.0,0.0,same,same,not_selected
RC16_REVERSED,hardware_specific,False,,0.0,0.0,0.0,same,same,not_selected
RC16_TRIM,hardware_specific,False,,1500.0,1500.0,1500.0,same,same,not_selected
RC1_DZ,hardware_specific,False,,20.0,20.0,20.0,same,same,not_selected
RC1_MAX,hardware_specific,False,,2000.0,1900.0,1900.0,different,same,not_selected
RC1_MIN,hardware_specific,False,,1000.0,1100.0,1100.0,different,same,not_selected
RC1_OPTION,rc_mode_mapping,False,,0.0,0.0,0.0,same,same,not_selected
RC1_REVERSED,hardware_specific,False,,0.0,0.0,0.0,same,same,not_selected
RC1_TRIM,hardware_specific,False,,1508.0,1500.0,1500.0,different,same,not_selected
RC2_DZ,hardware_specific,False,,20.0,20.0,20.0,same,same,not_selected
RC2_MAX,hardware_specific,False,,2000.0,1900.0,1900.0,different,same,not_selected
RC2_MIN,hardware_specific,False,,1000.0,1100.0,1100.0,different,same,not_selected
RC2_OPTION,rc_mode_mapping,False,,0.0,0.0,0.0,same,same,not_selected
RC2_REVERSED,hardware_specific,False,,0.0,0.0,0.0,same,same,not_selected
RC2_TRIM,hardware_specific,False,,1502.0,1500.0,1500.0,different,same,not_selected
RC3_DZ,hardware_specific,False,,30.0,30.0,30.0,same,same,not_selected
RC3_MAX,hardware_specific,False,,2000.0,1900.0,1900.0,different,same,not_selected
RC3_MIN,hardware_specific,False,,1000.0,1100.0,1100.0,different,same,not_selected
RC3_OPTION,rc_mode_mapping,False,,0.0,0.0,0.0,same,same,not_selected
RC3_REVERSED,hardware_specific,False,,0.0,0.0,0.0,same,same,not_selected
RC3_TRIM,hardware_specific,False,,1668.0,1500.0,1500.0,different,same,not_selected
RC4_DZ,hardware_specific,False,,20.0,20.0,20.0,same,same,not_selected
RC4_MAX,hardware_specific,False,,2000.0,1900.0,1900.0,different,same,not_selected
RC4_MIN,hardware_specific,False,,1000.0,1100.0,1100.0,different,same,not_selected
RC4_OPTION,rc_mode_mapping,False,,0.0,0.0,0.0,same,same,not_selected
RC4_REVERSED,hardware_specific,False,,0.0,0.0,0.0,same,same,not_selected
RC4_TRIM,hardware_specific,False,,1500.0,1500.0,1500.0,same,same,not_selected
RC5_DZ,hardware_specific,False,,0.0,0.0,0.0,same,same,not_selected
RC5_MAX,hardware_specific,False,,2000.0,1900.0,1900.0,different,same,not_selected
RC5_MIN,hardware_specific,False,,1000.0,1100.0,1100.0,different,same,not_selected
RC5_OPTION,rc_mode_mapping,False,,0.0,0.0,0.0,same,same,not_selected
RC5_REVERSED,hardware_specific,False,,0.0,0.0,0.0,same,same,not_selected
RC5_TRIM,hardware_specific,False,,1500.0,1500.0,1500.0,same,same,not_selected
RC6_DZ,hardware_specific,False,,0.0,0.0,0.0,same,same,not_selected
RC6_MAX,hardware_specific,False,,2000.0,1900.0,1900.0,different,same,not_selected
RC6_MIN,hardware_specific,False,,1000.0,1100.0,1100.0,different,same,not_selected
RC6_OPTION,rc_mode_mapping,True,0.0,0.0,0.0,0.0,same,same,same
RC6_REVERSED,hardware_specific,False,,0.0,0.0,0.0,same,same,not_selected
RC6_TRIM,hardware_specific,False,,1500.0,1500.0,1500.0,same,same,not_selected
RC7_DZ,hardware_specific,False,,0.0,0.0,0.0,same,same,not_selected
RC7_MAX,hardware_specific,False,,1900.0,1900.0,1900.0,same,same,not_selected
RC7_MIN,hardware_specific,False,,1000.0,1100.0,1100.0,different,same,not_selected
RC7_OPTION,rc_mode_mapping,True,90.0,90.0,90.0,90.0,same,same,same
RC7_REVERSED,hardware_specific,False,,0.0,0.0,0.0,same,same,not_selected
RC7_TRIM,hardware_specific,False,,1500.0,1500.0,1500.0,same,same,not_selected
RC8_DZ,hardware_specific,False,,0.0,0.0,0.0,same,same,not_selected
RC8_MAX,hardware_specific,False,,2000.0,1900.0,1900.0,different,same,not_selected
RC8_MIN,hardware_specific,False,,1000.0,1100.0,1100.0,different,same,not_selected
RC8_OPTION,rc_mode_mapping,True,0.0,0.0,0.0,0.0,same,same,same
RC8_REVERSED,hardware_specific,False,,0.0,0.0,0.0,same,same,not_selected
RC8_TRIM,hardware_specific,False,,1500.0,1500.0,1500.0,same,same,not_selected
RC9_DZ,hardware_specific,False,,0.0,0.0,0.0,same,same,not_selected
RC9_MAX,hardware_specific,False,,1900.0,1900.0,1900.0,same,same,not_selected
RC9_MIN,hardware_specific,False,,1100.0,1100.0,1100.0,same,same,not_selected
RC9_OPTION,rc_mode_mapping,False,,0.0,0.0,0.0,same,same,not_selected
RC9_REVERSED,hardware_specific,False,,0.0,0.0,0.0,same,same,not_selected
RC9_TRIM,hardware_specific,False,,1500.0,1500.0,1500.0,same,same,not_selected
RCMAP_PITCH,rc_mode_mapping,True,2.0,2.0,2.0,2.0,same,same,same
RCMAP_ROLL,rc_mode_mapping,True,1.0,1.0,1.0,1.0,same,same,same
RCMAP_THROTTLE,rc_mode_mapping,True,3.0,3.0,3.0,3.0,same,same,same
RCMAP_YAW,rc_mode_mapping,True,4.0,4.0,4.0,4.0,same,same,same
RC_FS_TIMEOUT,rc_mode_mapping,False,,1.0,1.0,1.0,same,same,not_selected
RC_OPTIONS,rc_mode_mapping,True,32.0,32.0,32.0,32.0,same,same,same
RC_OVERRIDE_TIME,rc_mode_mapping,False,,3.0,3.0,3.0,same,same,not_selected
RC_PROTOCOLS,rc_mode_mapping,False,,1.0,1.0,1.0,same,same,not_selected
RC_SPEED,rc_mode_mapping,False,,490.0,490.0,490.0,same,same,not_selected
RELAY1_FUNCTION,other,False,,0.0,0.0,0.0,same,same,not_selected
RELAY2_FUNCTION,other,False,,0.0,0.0,0.0,same,same,not_selected
RELAY3_FUNCTION,other,False,,0.0,0.0,0.0,same,same,not_selected
RELAY4_FUNCTION,other,False,,0.0,0.0,0.0,same,same,not_selected
RELAY5_FUNCTION,other,False,,0.0,0.0,0.0,same,same,not_selected
RELAY6_FUNCTION,other,False,,0.0,0.0,0.0,same,same,not_selected
RNGFND1_ADDR,navigation_sensor,False,,0.0,0.0,0.0,same,same,not_selected
RNGFND1_FUNCTION,navigation_sensor,False,,0.0,0.0,0.0,same,same,not_selected
RNGFND1_GNDCLR,navigation_sensor,False,,0.129999995,0.100000001,0.10000000149011612,different,same,not_selected
RNGFND1_MAX,navigation_sensor,True,8.0,8.0,8.0,8.0,same,same,same
RNGFND1_MIN,navigation_sensor,True,0.01,0.00999999978,0.00999999978,0.009999999776482582,same,same,same
RNGFND1_OFFSET,navigation_sensor,False,,0.0,0.0,0.0,same,same,not_selected
RNGFND1_ORIENT,navigation_sensor,True,25.0,25.0,25.0,25.0,same,same,same
RNGFND1_PIN,navigation_sensor,False,,-1.0,-1.0,-1.0,same,same,not_selected
RNGFND1_POS_X,navigation_sensor,False,,0.0,0.0,0.0,same,same,not_selected
RNGFND1_POS_Y,navigation_sensor,False,,0.0,0.0,0.0,same,same,not_selected
RNGFND1_POS_Z,navigation_sensor,False,,0.0,0.0,0.0,same,same,not_selected
RNGFND1_PWRRNG,navigation_sensor,False,,0.0,0.0,0.0,same,same,not_selected
RNGFND1_RMETRIC,navigation_sensor,True,1.0,1.0,1.0,1.0,same,same,same
RNGFND1_SCALING,navigation_sensor,False,,3.0,3.0,3.0,same,same,not_selected
RNGFND1_STOP_PIN,navigation_sensor,False,,-1.0,-1.0,-1.0,same,same,not_selected
RNGFND1_TYPE,navigation_sensor,True,10.0,10.0,10.0,10.0,same,same,same
RNGFND2_TYPE,navigation_sensor,False,,0.0,0.0,0.0,same,same,not_selected
RNGFND3_TYPE,navigation_sensor,False,,0.0,0.0,0.0,same,same,not_selected
RNGFND4_TYPE,navigation_sensor,False,,0.0,0.0,0.0,same,same,not_selected
RNGFND5_TYPE,navigation_sensor,False,,0.0,0.0,0.0,same,same,not_selected
RNGFND6_TYPE,navigation_sensor,False,,0.0,0.0,0.0,same,same,not_selected
RNGFND7_TYPE,navigation_sensor,False,,0.0,0.0,0.0,same,same,not_selected
RNGFND8_TYPE,navigation_sensor,False,,0.0,0.0,0.0,same,same,not_selected
RNGFND9_TYPE,navigation_sensor,False,,0.0,0.0,0.0,same,same,not_selected
RNGFNDA_TYPE,navigation_sensor,False,,0.0,0.0,0.0,same,same,not_selected
RNGFND_FILT,navigation_sensor,False,,0.5,0.5,0.5,same,same,not_selected
RPM1_TYPE,other,False,,0.0,0.0,0.0,same,same,not_selected
RPM2_TYPE,other,False,,0.0,0.0,0.0,same,same,not_selected
RSSI_TYPE,other,False,,0.0,0.0,0.0,same,same,not_selected
RTL_ALT_FINAL_M,other,False,,0.0,0.0,0.0,same,same,not_selected
RTL_ALT_M,other,False,,15.0,15.0,15.0,same,same,not_selected
RTL_ALT_TYPE,other,False,,0.0,0.0,0.0,same,same,not_selected
RTL_CLIMB_MIN_M,other,False,,0.0,0.0,0.0,same,same,not_selected
RTL_CONE_SLOPE,other,False,,3.0,3.0,3.0,same,same,not_selected
RTL_LOIT_TIME,other,False,,5000.0,5000.0,5000.0,same,same,not_selected
RTL_OPTIONS,other,False,,0.0,0.0,0.0,same,same,not_selected
RTL_SPEED_MS,other,False,,0.0,0.0,0.0,same,same,not_selected
SCHED_DEBUG,other,False,,0.0,0.0,0.0,same,same,not_selected
SCHED_LOOP_RATE,other,False,,400.0,400.0,400.0,same,same,not_selected
SCHED_OPTIONS,other,False,,0.0,0.0,0.0,same,same,not_selected
SCR_ENABLE,other,False,,0.0,0.0,0.0,same,same,not_selected
SERIAL0_BAUD,serial_telemetry,False,,115.0,115.0,115.0,same,same,not_selected
SERIAL0_PROTOCOL,serial_telemetry,False,,2.0,2.0,2.0,same,same,not_selected
SERIAL1_BAUD,serial_telemetry,True,57.0,57.0,57.0,57.0,same,same,same
SERIAL1_OPTIONS,serial_telemetry,True,0.0,0.0,0.0,0.0,same,same,same
SERIAL1_PROTOCOL,serial_telemetry,True,2.0,2.0,2.0,2.0,same,same,same
SERIAL2_BAUD,serial_telemetry,True,115.0,115.0,115.0,115.0,same,same,same
SERIAL2_OPTIONS,serial_telemetry,True,0.0,0.0,0.0,0.0,same,same,same
SERIAL2_PROTOCOL,serial_telemetry,True,1.0,1.0,1.0,1.0,same,same,same
SERIAL3_BAUD,serial_telemetry,False,,230.0,230.0,230.0,same,same,not_selected
SERIAL3_OPTIONS,serial_telemetry,False,,0.0,0.0,0.0,same,same,not_selected
SERIAL3_PROTOCOL,serial_telemetry,False,,5.0,5.0,5.0,same,same,not_selected
SERIAL4_BAUD,serial_telemetry,False,,230.0,230.0,230.0,same,same,not_selected
SERIAL4_OPTIONS,serial_telemetry,False,,0.0,0.0,0.0,same,same,not_selected
SERIAL4_PROTOCOL,serial_telemetry,False,,5.0,5.0,5.0,same,same,not_selected
SERIAL5_BAUD,serial_telemetry,False,,57.0,57.0,57.0,same,same,not_selected
SERIAL5_OPTIONS,serial_telemetry,False,,0.0,0.0,0.0,same,same,not_selected
SERIAL5_PROTOCOL,serial_telemetry,False,,-1.0,-1.0,-1.0,same,same,not_selected
SERIAL_PASS1,serial_telemetry,False,,0.0,0.0,0.0,same,same,not_selected
SERIAL_PASS2,serial_telemetry,False,,-1.0,-1.0,-1.0,same,same,not_selected
SERIAL_PASSTIMO,serial_telemetry,False,,15.0,15.0,15.0,same,same,not_selected
SERVO10_FUNCTION,hardware_specific,False,,0.0,0.0,0.0,same,same,not_selected
SERVO10_MAX,hardware_specific,False,,1900.0,1900.0,1900.0,same,same,not_selected
SERVO10_MIN,hardware_specific,False,,1100.0,1100.0,1100.0,same,same,not_selected
SERVO10_REVERSED,hardware_specific,False,,0.0,0.0,0.0,same,same,not_selected
SERVO10_TRIM,hardware_specific,False,,0.0,1500.0,1500.0,different,same,not_selected
SERVO11_FUNCTION,hardware_specific,False,,0.0,0.0,0.0,same,same,not_selected
SERVO11_MAX,hardware_specific,False,,1900.0,1900.0,1900.0,same,same,not_selected
SERVO11_MIN,hardware_specific,False,,1100.0,1100.0,1100.0,same,same,not_selected
SERVO11_REVERSED,hardware_specific,False,,0.0,0.0,0.0,same,same,not_selected
SERVO11_TRIM,hardware_specific,False,,0.0,1500.0,1500.0,different,same,not_selected
SERVO12_FUNCTION,hardware_specific,False,,0.0,0.0,0.0,same,same,not_selected
SERVO12_MAX,hardware_specific,False,,1900.0,1900.0,1900.0,same,same,not_selected
SERVO12_MIN,hardware_specific,False,,1100.0,1100.0,1100.0,same,same,not_selected
SERVO12_REVERSED,hardware_specific,False,,0.0,0.0,0.0,same,same,not_selected
SERVO12_TRIM,hardware_specific,False,,0.0,1500.0,1500.0,different,same,not_selected
SERVO13_FUNCTION,hardware_specific,False,,0.0,0.0,0.0,same,same,not_selected
SERVO13_MAX,hardware_specific,False,,1900.0,1900.0,1900.0,same,same,not_selected
SERVO13_MIN,hardware_specific,False,,1100.0,1100.0,1100.0,same,same,not_selected
SERVO13_REVERSED,hardware_specific,False,,0.0,0.0,0.0,same,same,not_selected
SERVO13_TRIM,hardware_specific,False,,0.0,1500.0,1500.0,different,same,not_selected
SERVO14_FUNCTION,hardware_specific,False,,0.0,0.0,0.0,same,same,not_selected
SERVO14_MAX,hardware_specific,False,,1900.0,1900.0,1900.0,same,same,not_selected
SERVO14_MIN,hardware_specific,False,,1100.0,1100.0,1100.0,same,same,not_selected
SERVO14_REVERSED,hardware_specific,False,,0.0,0.0,0.0,same,same,not_selected
SERVO14_TRIM,hardware_specific,False,,0.0,1500.0,1500.0,different,same,not_selected
SERVO15_FUNCTION,hardware_specific,False,,0.0,0.0,0.0,same,same,not_selected
SERVO15_MAX,hardware_specific,False,,1900.0,1900.0,1900.0,same,same,not_selected
SERVO15_MIN,hardware_specific,False,,1100.0,1100.0,1100.0,same,same,not_selected
SERVO15_REVERSED,hardware_specific,False,,0.0,0.0,0.0,same,same,not_selected
SERVO15_TRIM,hardware_specific,False,,1500.0,1500.0,1500.0,same,same,not_selected
SERVO16_FUNCTION,hardware_specific,False,,0.0,0.0,0.0,same,same,not_selected
SERVO16_MAX,hardware_specific,False,,1900.0,1900.0,1900.0,same,same,not_selected
SERVO16_MIN,hardware_specific,False,,1100.0,1100.0,1100.0,same,same,not_selected
SERVO16_REVERSED,hardware_specific,False,,0.0,0.0,0.0,same,same,not_selected
SERVO16_TRIM,hardware_specific,False,,1500.0,1500.0,1500.0,same,same,not_selected
SERVO1_FUNCTION,hardware_specific,False,,33.0,33.0,33.0,same,same,not_selected
SERVO1_MAX,hardware_specific,False,,2000.0,1900.0,1900.0,different,same,not_selected
SERVO1_MIN,hardware_specific,False,,1037.0,1100.0,1100.0,different,same,not_selected
SERVO1_REVERSED,hardware_specific,False,,0.0,0.0,0.0,same,same,not_selected
SERVO1_TRIM,hardware_specific,False,,1529.0,1500.0,1500.0,different,same,not_selected
SERVO2_FUNCTION,hardware_specific,False,,34.0,34.0,34.0,same,same,not_selected
SERVO2_MAX,hardware_specific,False,,1902.0,1900.0,1900.0,different,same,not_selected
SERVO2_MIN,hardware_specific,False,,1000.0,1100.0,1100.0,different,same,not_selected
SERVO2_REVERSED,hardware_specific,False,,0.0,0.0,0.0,same,same,not_selected
SERVO2_TRIM,hardware_specific,False,,1386.0,1500.0,1500.0,different,same,not_selected
SERVO3_FUNCTION,hardware_specific,False,,35.0,35.0,35.0,same,same,not_selected
SERVO3_MAX,hardware_specific,False,,2001.0,1900.0,1900.0,different,same,not_selected
SERVO3_MIN,hardware_specific,False,,1000.0,1100.0,1100.0,different,same,not_selected
SERVO3_REVERSED,hardware_specific,False,,0.0,0.0,0.0,same,same,not_selected
SERVO3_TRIM,hardware_specific,False,,1000.0,1500.0,1500.0,different,same,not_selected
SERVO4_FUNCTION,hardware_specific,False,,36.0,36.0,36.0,same,same,not_selected
SERVO4_MAX,hardware_specific,False,,1990.0,1900.0,1900.0,different,same,not_selected
SERVO4_MIN,hardware_specific,False,,1000.0,1100.0,1100.0,different,same,not_selected
SERVO4_REVERSED,hardware_specific,False,,0.0,0.0,0.0,same,same,not_selected
SERVO4_TRIM,hardware_specific,False,,1496.0,1500.0,1500.0,different,same,not_selected
SERVO5_FUNCTION,hardware_specific,False,,0.0,0.0,0.0,same,same,not_selected
SERVO5_MAX,hardware_specific,False,,1201.0,1900.0,1900.0,different,same,not_selected
SERVO5_MIN,hardware_specific,False,,1200.0,1100.0,1100.0,different,same,not_selected
SERVO5_REVERSED,hardware_specific,False,,0.0,0.0,0.0,same,same,not_selected
SERVO5_TRIM,hardware_specific,False,,1500.0,1500.0,1500.0,same,same,not_selected
SERVO6_FUNCTION,hardware_specific,False,,0.0,0.0,0.0,same,same,not_selected
SERVO6_MAX,hardware_specific,False,,1833.0,1900.0,1900.0,different,same,not_selected
SERVO6_MIN,hardware_specific,False,,1832.0,1100.0,1100.0,different,same,not_selected
SERVO6_REVERSED,hardware_specific,False,,0.0,0.0,0.0,same,same,not_selected
SERVO6_TRIM,hardware_specific,False,,1832.0,1500.0,1500.0,different,same,not_selected
SERVO7_FUNCTION,hardware_specific,False,,0.0,0.0,0.0,same,same,not_selected
SERVO7_MAX,hardware_specific,False,,1900.0,1900.0,1900.0,same,same,not_selected
SERVO7_MIN,hardware_specific,False,,1100.0,1100.0,1100.0,same,same,not_selected
SERVO7_REVERSED,hardware_specific,False,,0.0,0.0,0.0,same,same,not_selected
SERVO7_TRIM,hardware_specific,False,,1000.0,1500.0,1500.0,different,same,not_selected
SERVO8_FUNCTION,hardware_specific,False,,0.0,0.0,0.0,same,same,not_selected
SERVO8_MAX,hardware_specific,False,,2001.0,1900.0,1900.0,different,same,not_selected
SERVO8_MIN,hardware_specific,False,,2000.0,1100.0,1100.0,different,same,not_selected
SERVO8_REVERSED,hardware_specific,False,,0.0,0.0,0.0,same,same,not_selected
SERVO8_TRIM,hardware_specific,False,,2000.0,1500.0,1500.0,different,same,not_selected
SERVO9_FUNCTION,hardware_specific,False,,0.0,0.0,0.0,same,same,not_selected
SERVO9_MAX,hardware_specific,False,,1900.0,1900.0,1900.0,same,same,not_selected
SERVO9_MIN,hardware_specific,False,,1100.0,1100.0,1100.0,same,same,not_selected
SERVO9_REVERSED,hardware_specific,False,,0.0,0.0,0.0,same,same,not_selected
SERVO9_TRIM,hardware_specific,False,,0.0,1500.0,1500.0,different,same,not_selected
SERVO_32_ENABLE,hardware_specific,False,,0.0,0.0,0.0,same,same,not_selected
SERVO_BLH_3DMASK,hardware_specific,False,,0.0,0.0,0.0,same,same,not_selected
SERVO_BLH_AUTO,hardware_specific,False,,0.0,0.0,0.0,same,same,not_selected
SERVO_BLH_DEBUG,hardware_specific,False,,0.0,0.0,0.0,same,same,not_selected
SERVO_BLH_MASK,hardware_specific,False,,0.0,0.0,0.0,same,same,not_selected
SERVO_BLH_OTYPE,hardware_specific,False,,0.0,0.0,0.0,same,same,not_selected
SERVO_BLH_POLES,hardware_specific,False,,14.0,14.0,14.0,same,same,not_selected
SERVO_BLH_PORT,hardware_specific,False,,0.0,0.0,0.0,same,same,not_selected
SERVO_BLH_RVMASK,hardware_specific,False,,0.0,0.0,0.0,same,same,not_selected
SERVO_BLH_TEST,hardware_specific,False,,0.0,0.0,0.0,same,same,not_selected
SERVO_BLH_TMOUT,hardware_specific,False,,0.0,0.0,0.0,same,same,not_selected
SERVO_BLH_TRATE,hardware_specific,False,,10.0,10.0,10.0,same,same,not_selected
SERVO_DSHOT_ESC,hardware_specific,False,,0.0,0.0,0.0,same,same,not_selected
SERVO_DSHOT_RATE,hardware_specific,False,,0.0,0.0,0.0,same,same,not_selected
SERVO_FTW_MASK,hardware_specific,False,,0.0,0.0,0.0,same,same,not_selected
SERVO_FTW_POLES,hardware_specific,False,,14.0,14.0,14.0,same,same,not_selected
SERVO_FTW_RVMASK,hardware_specific,False,,0.0,0.0,0.0,same,same,not_selected
SERVO_GPIO_MASK,hardware_specific,False,,0.0,0.0,0.0,same,same,not_selected
SERVO_RATE,hardware_specific,False,,50.0,50.0,50.0,same,same,not_selected
SERVO_RC_FS_MSK,hardware_specific,False,,0.0,0.0,0.0,same,same,not_selected
SERVO_SBUS_RATE,hardware_specific,False,,50.0,50.0,50.0,same,same,not_selected
SID_AXIS,other,False,,0.0,0.0,0.0,same,same,not_selected
SIMPLE,other,False,,0.0,0.0,0.0,same,same,not_selected
SPRAY_ENABLE,other,False,,0.0,0.0,0.0,same,same,not_selected
SRTL_ACCURACY,other,False,,2.0,2.0,2.0,same,same,not_selected
SRTL_OPTIONS,other,False,,0.0,0.0,0.0,same,same,not_selected
SRTL_POINTS,other,False,,300.0,300.0,300.0,same,same,not_selected
STAT_BOOTCNT,other,False,,45.0,3.0,104.0,different,different,not_selected
STAT_DISTFLWN,other,False,,2.53111839,0.0,0.5745519399642944,different,different,not_selected
STAT_FLTCNT,other,False,,60.0,0.0,118.0,different,different,not_selected
STAT_FLTTIME,other,False,,1667.0,0.0,1271.0,different,different,not_selected
STAT_RESET,other,False,,1.0,1.0,1.0,same,same,not_selected
STAT_RUNTIME,other,False,,129790.0,304.0,120015.0,different,different,not_selected
SUPER_SIMPLE,other,False,,0.0,0.0,0.0,same,same,not_selected
SURFTRAK_MODE,other,False,,1.0,1.0,1.0,same,same,not_selected
SURFTRAK_TC,other,False,,1.0,1.0,1.0,same,same,not_selected
TCAL_ENABLED,other,False,,0.0,0.0,0.0,same,same,not_selected
TERRAIN_CACHE_SZ,other,False,,12.0,12.0,12.0,same,same,not_selected
TERRAIN_ENABLE,other,False,,1.0,1.0,1.0,same,same,not_selected
TERRAIN_MARGIN,other,False,,0.0500000007,0.0500000007,0.05000000074505806,same,same,not_selected
TERRAIN_OFS_MAX,other,False,,30.0,30.0,30.0,same,same,not_selected
TERRAIN_OPTIONS,other,False,,0.0,0.0,0.0,same,same,not_selected
TERRAIN_SPACING,other,False,,100.0,100.0,100.0,same,same,not_selected
THROW_ALT_ACSND,other,False,,3.0,3.0,3.0,same,same,not_selected
THROW_ALT_DCSND,other,False,,1.0,1.0,1.0,same,same,not_selected
THROW_ALT_MAX,other,False,,0.0,0.0,0.0,same,same,not_selected
THROW_ALT_MIN,other,False,,0.0,0.0,0.0,same,same,not_selected
THROW_MOT_START,other,False,,0.0,0.0,0.0,same,same,not_selected
THROW_NEXTMODE,other,False,,18.0,18.0,18.0,same,same,not_selected
THROW_TYPE,other,False,,0.0,0.0,0.0,same,same,not_selected
THR_DZ,other,False,,100.0,100.0,100.0,same,same,not_selected
TKOFF_RPM_MAX,other,False,,0.0,0.0,0.0,same,same,not_selected
TKOFF_RPM_MIN,other,False,,0.0,0.0,0.0,same,same,not_selected
TKOFF_SLEW_TIME,other,False,,2.0,2.0,2.0,same,same,not_selected
TKOFF_THR_MAX,other,False,,0.899999976,0.899999976,0.8999999761581421,same,same,not_selected
TUNE,other,False,,0.0,0.0,0.0,same,same,not_selected
TUNE2,other,False,,0.0,0.0,0.0,same,same,not_selected
TUNE2_MAX,other,False,,0.0,0.0,0.0,same,same,not_selected
TUNE2_MIN,other,False,,0.0,0.0,0.0,same,same,not_selected
TUNE_MAX,other,False,,0.0,0.0,0.0,same,same,not_selected
TUNE_MIN,other,False,,0.0,0.0,0.0,same,same,not_selected
VISO_TYPE,other,False,,0.0,0.0,0.0,same,same,not_selected
VTX_ENABLE,other,False,,0.0,0.0,0.0,same,same,not_selected
WP_ACC,other,False,,2.5,2.5,2.5,same,same,not_selected
WP_ACC_CNR,other,False,,0.0,0.0,0.0,same,same,not_selected
WP_ACC_Z,other,False,,1.0,1.0,1.0,same,same,not_selected
WP_JERK,other,False,,1.0,1.0,1.0,same,same,not_selected
WP_NAVALT_MIN,other,False,,0.0,0.0,0.0,same,same,not_selected
WP_RADIUS_M,other,False,,2.0,2.0,2.0,same,same,not_selected
WP_RFND_USE,other,False,,1.0,1.0,1.0,same,same,not_selected
WP_SPD,other,False,,10.0,10.0,10.0,same,same,not_selected
WP_SPD_DN,other,False,,1.5,1.5,1.5,same,same,not_selected
WP_SPD_UP,other,False,,2.5,2.5,2.5,same,same,not_selected
WP_TER_MARGIN,other,False,,10.0,10.0,10.0,same,same,not_selected
WP_YAW_BEHAVIOR,other,False,,2.0,2.0,2.0,same,same,not_selected
WVANE_ENABLE,other,False,,0.0,0.0,0.0,same,same,not_selected
ZIGZ_AUTO_ENABLE,other,False,,0.0,0.0,0.0,same,same,not_selected
